student_id,department,year,gender,residence,cgpa,club_member
S00001,MBA,2,Male,Hostel,7.2,1
S00002,ECE,1,Male,Day Scholar,7.6,0
S00003,BBA,2,Male,Day Scholar,6.67,0
S00004,Civil,1,Other,Hostel,7.8,1
S00005,CSE,1,Male,Day Scholar,8.02,0
S00006,Biotech,2,Male,Day Scholar,7.94,0
S00007,MBA,3,Male,Day Scholar,7.25,0
S00008,MBA,4,Female,Hostel,8.49,0
S00009,CSE,3,Female,Hostel,7.14,0
S00010,ECE,4,Male,Hostel,7.05,0
S00011,ECE,3,Female,Day Scholar,8.84,0
S00012,BCA,3,Male,Day Scholar,6.29,0
S00013,Mechanical,1,Female,Day Scholar,5.7,0
S00014,BBA,3,Male,Hostel,6.53,0
S00015,ECE,1,Male,Hostel,7.79,1
S00016,IT,1,Male,Day Scholar,8.68,0
S00017,EEE,1,Other,Day Scholar,6.74,0
S00018,CSE,3,Female,Hostel,9.21,0
S00019,BBA,3,Female,Day Scholar,7.43,1
S00020,Mechanical,4,Male,Day Scholar,7.28,1
S00021,MBA,4,Male,Day Scholar,6.55,0
S00022,IT,4,Male,Day Scholar,9.35,0
S00023,Biotech,1,Male,Hostel,7.25,1
S00024,BCA,4,Male,Day Scholar,6.07,1
S00025,MBA,4,Female,Day Scholar,9.86,0
S00026,CSE,4,Female,Day Scholar,7.79,0
S00027,ECE,1,Female,Day Scholar,8.2,0
S00028,CSE,1,Male,Hostel,9.08,0
S00029,CSE,4,Male,Day Scholar,8.01,0
S00030,Civil,1,Male,Day Scholar,8.37,0
S00031,MBA,2,Male,Hostel,7.45,0
S00032,Biotech,2,Female,Day Scholar,8.13,0
S00033,IT,1,Female,Hostel,7.37,0
S00034,ECE,1,Male,Day Scholar,7.38,0
S00035,ECE,4,Male,Hostel,7.52,0
S00036,CSE,4,Female,Hostel,7.0,0
S00037,CSE,4,Male,Day Scholar,7.9,0
S00038,ECE,1,Male,Day Scholar,7.9,0
S00039,IT,1,Female,Day Scholar,8.22,0
S00040,Civil,2,Female,Day Scholar,8.04,1
S00041,ECE,2,Male,Hostel,9.4,0
S00042,BBA,1,Female,Day Scholar,8.45,0
S00043,Civil,3,Female,Day Scholar,7.19,0
S00044,IT,4,Male,Hostel,7.85,0
S00045,BBA,2,Male,Day Scholar,8.81,0
S00046,MBA,2,Female,Hostel,6.45,0
S00047,ECE,2,Female,Hostel,9.41,0
S00048,IT,1,Male,Day Scholar,6.63,0
S00049,Civil,1,Male,Day Scholar,8.3,0
S00050,CSE,2,Female,Day Scholar,7.41,1
S00051,CSE,2,Male,Day Scholar,7.35,0
S00052,CSE,2,Male,Hostel,6.1,1
S00053,MBA,4,Male,Day Scholar,8.31,0
S00054,Civil,1,Male,Hostel,6.11,0
S00055,Civil,1,Female,Hostel,5.96,0
S00056,MBA,1,Female,Hostel,8.56,0
S00057,ECE,1,Male,Hostel,9.19,0
S00058,Mechanical,2,Female,Hostel,6.73,0
S00059,CSE,3,Male,Day Scholar,8.4,0
S00060,CSE,4,Male,Day Scholar,8.2,0
S00061,Civil,3,Male,Day Scholar,7.31,0
S00062,ECE,2,Female,Hostel,8.74,0
S00063,Mechanical,1,Female,Day Scholar,7.24,0
S00064,MBA,2,Female,Hostel,7.92,1
S00065,Mechanical,2,Male,Day Scholar,6.15,0
S00066,EEE,4,Male,Day Scholar,6.19,0
S00067,EEE,2,Male,Hostel,8.57,1
S00068,IT,1,Female,Day Scholar,7.95,1
S00069,CSE,1,Male,Day Scholar,7.26,0
S00070,ECE,1,Female,Hostel,9.31,0
S00071,CSE,4,Female,Day Scholar,9.3,1
S00072,ECE,1,Male,Day Scholar,7.84,0
S00073,BBA,1,Male,Hostel,5.94,0
S00074,IT,1,Male,Hostel,7.29,1
S00075,CSE,3,Female,Day Scholar,6.57,1
S00076,IT,2,Other,Day Scholar,7.49,1
S00077,IT,3,Male,Hostel,6.46,0
S00078,Civil,2,Other,Day Scholar,6.2,0
S00079,EEE,1,Male,Hostel,5.14,0
S00080,MBA,4,Male,Day Scholar,7.57,0
S00081,Civil,1,Female,Day Scholar,5.1,1
S00082,ECE,1,Female,Day Scholar,7.08,0
S00083,BBA,2,Male,Day Scholar,8.09,0
S00084,CSE,1,Female,Day Scholar,6.68,0
S00085,CSE,1,Female,Day Scholar,6.32,1
S00086,CSE,3,Female,Hostel,7.33,1
S00087,Civil,2,Female,Hostel,6.57,0
S00088,ECE,1,Male,Day Scholar,7.59,0
S00089,CSE,2,Male,Hostel,6.37,0
S00090,EEE,3,Female,Hostel,7.3,0
S00091,CSE,1,Male,Day Scholar,7.05,0
S00092,Civil,1,Male,Day Scholar,7.39,0
S00093,ECE,3,Male,Hostel,9.04,0
S00094,ECE,3,Male,Hostel,7.6,0
S00095,IT,4,Male,Hostel,7.9,1
S00096,Mechanical,2,Male,Hostel,6.78,0
S00097,ECE,1,Male,Hostel,7.62,0
S00098,CSE,2,Male,Day Scholar,7.13,1
S00099,CSE,3,Female,Day Scholar,7.43,0
S00100,Biotech,1,Female,Hostel,8.05,0
S00101,BCA,2,Male,Hostel,6.9,0
S00102,Civil,1,Male,Day Scholar,7.0,1
S00103,IT,4,Male,Hostel,6.91,0
S00104,Biotech,4,Female,Hostel,6.89,1
S00105,MBA,2,Female,Hostel,7.57,0
S00106,Civil,4,Female,Day Scholar,7.04,0
S00107,ECE,4,Female,Hostel,8.9,1
S00108,IT,1,Male,Hostel,10.0,1
S00109,CSE,2,Male,Day Scholar,6.83,1
S00110,BCA,3,Male,Day Scholar,7.69,0
S00111,ECE,1,Male,Day Scholar,8.44,0
S00112,CSE,2,Male,Day Scholar,7.13,0
S00113,IT,1,Female,Day Scholar,6.41,0
S00114,Mechanical,4,Male,Hostel,9.14,0
S00115,CSE,2,Female,Hostel,8.09,0
S00116,BBA,3,Male,Hostel,7.72,0
S00117,MBA,2,Male,Hostel,8.85,0
S00118,Civil,1,Female,Hostel,8.17,0
S00119,ECE,4,Male,Hostel,7.35,0
S00120,Mechanical,1,Male,Day Scholar,6.42,0
S00121,Mechanical,1,Male,Day Scholar,6.91,1
S00122,Mechanical,2,Female,Hostel,8.6,0
S00123,CSE,3,Male,Day Scholar,8.08,0
S00124,ECE,2,Female,Hostel,7.21,1
S00125,CSE,1,Other,Day Scholar,9.17,0
S00126,EEE,2,Female,Day Scholar,7.24,0
S00127,IT,1,Male,Hostel,8.39,1
S00128,CSE,1,Female,Hostel,7.62,1
S00129,CSE,2,Male,Day Scholar,9.33,1
S00130,Mechanical,1,Female,Day Scholar,8.15,0
S00131,CSE,1,Male,Day Scholar,7.45,0
S00132,BCA,3,Male,Hostel,7.22,1
S00133,Mechanical,3,Male,Hostel,7.38,0
S00134,IT,1,Female,Hostel,6.67,0
S00135,Mechanical,2,Female,Day Scholar,6.03,0
S00136,CSE,1,Male,Hostel,7.71,0
S00137,Biotech,4,Male,Hostel,6.87,0
S00138,EEE,1,Female,Day Scholar,6.86,1
S00139,MBA,1,Female,Day Scholar,7.31,0
S00140,CSE,2,Female,Hostel,7.45,1
S00141,EEE,1,Male,Day Scholar,7.41,0
S00142,EEE,1,Female,Day Scholar,9.14,0
S00143,BCA,1,Female,Day Scholar,8.06,0
S00144,Mechanical,3,Male,Hostel,9.51,0
S00145,ECE,3,Male,Day Scholar,6.96,0
S00146,IT,3,Male,Hostel,8.18,0
S00147,IT,3,Male,Day Scholar,7.02,1
S00148,EEE,2,Female,Day Scholar,6.84,1
S00149,ECE,4,Male,Day Scholar,9.55,0
S00150,CSE,3,Female,Day Scholar,6.63,0
S00151,BBA,3,Male,Day Scholar,5.17,0
S00152,BCA,3,Female,Hostel,6.69,1
S00153,CSE,2,Female,Hostel,5.39,1
S00154,EEE,1,Male,Hostel,6.45,0
S00155,CSE,2,Female,Day Scholar,6.54,0
S00156,Civil,1,Male,Hostel,7.44,1
S00157,IT,2,Female,Day Scholar,5.35,0
S00158,Mechanical,1,Female,Day Scholar,8.6,0
S00159,Civil,1,Male,Day Scholar,5.52,0
S00160,MBA,4,Female,Hostel,7.27,1
S00161,CSE,3,Male,Day Scholar,7.08,1
S00162,BCA,2,Female,Day Scholar,8.23,1
S00163,IT,2,Male,Day Scholar,7.75,1
S00164,CSE,2,Female,Day Scholar,8.59,0
S00165,EEE,4,Male,Hostel,7.04,0
S00166,ECE,3,Male,Hostel,6.94,0
S00167,BBA,3,Male,Day Scholar,7.81,0
S00168,MBA,2,Other,Day Scholar,8.43,0
S00169,IT,2,Male,Day Scholar,8.23,0
S00170,Biotech,3,Female,Day Scholar,7.72,0
S00171,IT,4,Male,Day Scholar,7.63,0
S00172,EEE,2,Female,Day Scholar,7.36,0
S00173,IT,2,Male,Day Scholar,7.81,0
S00174,BCA,2,Female,Day Scholar,9.43,0
S00175,CSE,2,Female,Hostel,7.16,0
S00176,CSE,4,Male,Hostel,7.04,1
S00177,ECE,3,Male,Hostel,6.96,0
S00178,Biotech,2,Female,Hostel,7.79,0
S00179,BCA,2,Male,Day Scholar,5.28,0
S00180,MBA,2,Male,Day Scholar,7.26,0
S00181,BCA,1,Male,Hostel,8.28,0
S00182,BCA,2,Female,Hostel,6.87,0
S00183,EEE,3,Female,Day Scholar,7.59,0
S00184,IT,3,Female,Day Scholar,9.51,1
S00185,MBA,1,Female,Day Scholar,7.73,1
S00186,Civil,3,Male,Hostel,5.16,1
S00187,ECE,3,Male,Hostel,5.99,0
S00188,CSE,1,Male,Day Scholar,7.15,0
S00189,MBA,3,Male,Day Scholar,6.6,1
S00190,IT,3,Male,Day Scholar,7.5,1
S00191,BCA,4,Female,Day Scholar,7.11,0
S00192,IT,1,Male,Hostel,8.57,1
S00193,CSE,1,Male,Hostel,6.31,0
S00194,BBA,2,Male,Hostel,7.19,0
S00195,CSE,1,Male,Hostel,7.62,0
S00196,CSE,2,Male,Hostel,7.74,1
S00197,Mechanical,3,Male,Hostel,7.55,0
S00198,BBA,1,Male,Hostel,4.99,1
S00199,CSE,2,Male,Day Scholar,7.48,0
S00200,IT,4,Female,Hostel,7.25,0
S00201,MBA,2,Female,Day Scholar,8.26,0
S00202,Biotech,2,Female,Hostel,8.12,0
S00203,EEE,2,Female,Hostel,7.64,0
S00204,CSE,1,Female,Hostel,7.71,0
S00205,CSE,1,Male,Hostel,8.75,1
S00206,IT,3,Female,Hostel,8.55,0
S00207,CSE,2,Male,Day Scholar,7.68,0
S00208,Civil,1,Male,Day Scholar,9.55,1
S00209,CSE,1,Male,Hostel,6.77,0
S00210,EEE,4,Male,Hostel,6.21,1
S00211,Civil,1,Female,Hostel,7.39,0
S00212,Mechanical,3,Male,Day Scholar,7.03,0
S00213,CSE,2,Female,Hostel,4.93,0
S00214,MBA,3,Female,Hostel,6.75,0
S00215,Civil,1,Male,Day Scholar,7.74,1
S00216,MBA,1,Male,Day Scholar,7.34,0
S00217,CSE,2,Male,Day Scholar,6.62,0
S00218,CSE,3,Male,Hostel,7.44,0
S00219,BCA,1,Female,Hostel,7.52,0
S00220,ECE,2,Female,Hostel,8.12,1
S00221,IT,2,Female,Day Scholar,6.76,0
S00222,EEE,1,Male,Day Scholar,8.27,0
S00223,Civil,2,Female,Hostel,6.31,0
S00224,Biotech,1,Female,Day Scholar,6.9,0
S00225,IT,2,Male,Day Scholar,9.1,1
S00226,BCA,1,Male,Day Scholar,6.38,0
S00227,CSE,2,Male,Hostel,6.74,1
S00228,EEE,2,Male,Hostel,6.15,0
S00229,Mechanical,2,Female,Hostel,6.57,0
S00230,CSE,2,Female,Day Scholar,7.54,0
S00231,CSE,4,Male,Hostel,8.11,0
S00232,ECE,2,Female,Hostel,7.38,1
S00233,Biotech,3,Male,Day Scholar,7.08,0
S00234,Mechanical,1,Male,Day Scholar,6.16,0
S00235,BCA,2,Female,Day Scholar,6.67,1
S00236,MBA,1,Female,Day Scholar,5.85,1
S00237,ECE,2,Female,Day Scholar,8.14,0
S00238,MBA,3,Male,Day Scholar,8.21,0
S00239,CSE,4,Female,Hostel,7.36,0
S00240,CSE,2,Female,Hostel,7.84,0
S00241,BBA,3,Female,Hostel,8.28,0
S00242,MBA,1,Male,Hostel,7.5,0
S00243,IT,1,Male,Day Scholar,8.79,1
S00244,EEE,3,Female,Day Scholar,6.38,1
S00245,Mechanical,1,Female,Hostel,7.05,1
S00246,BBA,1,Female,Day Scholar,6.93,0
S00247,Mechanical,4,Male,Day Scholar,8.05,0
S00248,ECE,4,Female,Day Scholar,5.97,1
S00249,ECE,3,Male,Day Scholar,8.85,0
S00250,ECE,2,Male,Hostel,7.96,1
S00251,Mechanical,4,Male,Hostel,9.15,1
S00252,BBA,1,Male,Hostel,7.36,0
S00253,ECE,2,Female,Day Scholar,6.85,0
S00254,IT,2,Male,Hostel,8.06,0
S00255,IT,4,Male,Day Scholar,8.43,0
S00256,MBA,4,Female,Hostel,6.69,0
S00257,BBA,3,Female,Day Scholar,5.4,0
S00258,CSE,1,Male,Day Scholar,5.57,0
S00259,CSE,2,Male,Hostel,7.66,0
S00260,Mechanical,1,Female,Day Scholar,8.94,0
S00261,CSE,4,Male,Day Scholar,6.1,0
S00262,BBA,1,Male,Day Scholar,7.13,0
S00263,IT,1,Male,Day Scholar,7.05,0
S00264,CSE,3,Male,Day Scholar,9.32,1
S00265,BCA,2,Female,Hostel,9.66,0
S00266,CSE,4,Male,Day Scholar,7.82,0
S00267,IT,1,Male,Hostel,8.3,0
S00268,CSE,3,Male,Hostel,8.27,1
S00269,CSE,1,Male,Hostel,6.12,1
S00270,CSE,1,Male,Day Scholar,8.1,0
S00271,CSE,2,Female,Hostel,6.38,0
S00272,CSE,1,Male,Day Scholar,7.23,0
S00273,CSE,3,Male,Hostel,8.54,1
S00274,Mechanical,1,Male,Hostel,7.48,0
S00275,Civil,1,Female,Hostel,8.5,0
S00276,ECE,3,Male,Hostel,8.7,0
S00277,IT,1,Female,Hostel,5.64,0
S00278,EEE,3,Female,Day Scholar,5.22,1
S00279,BBA,3,Male,Hostel,8.56,0
S00280,BBA,1,Female,Hostel,8.6,0
S00281,CSE,3,Male,Hostel,7.66,1
S00282,CSE,1,Female,Hostel,7.79,0
S00283,IT,2,Female,Day Scholar,8.29,0
S00284,IT,1,Male,Hostel,8.27,0
S00285,Mechanical,4,Female,Day Scholar,7.1,0
S00286,ECE,2,Male,Day Scholar,8.36,0
S00287,CSE,2,Female,Hostel,7.05,0
S00288,ECE,4,Female,Day Scholar,7.64,0
S00289,EEE,2,Female,Hostel,7.6,0
S00290,CSE,4,Male,Day Scholar,6.54,1
S00291,BBA,3,Female,Day Scholar,6.66,1
S00292,CSE,4,Female,Hostel,9.63,0
S00293,BCA,4,Male,Day Scholar,6.51,0
S00294,CSE,4,Female,Hostel,7.77,0
S00295,BBA,1,Female,Day Scholar,7.98,0
S00296,BCA,3,Female,Day Scholar,7.35,0
S00297,Biotech,3,Other,Hostel,8.07,0
S00298,MBA,3,Male,Hostel,7.73,0
S00299,MBA,1,Male,Day Scholar,6.53,0
S00300,Mechanical,4,Male,Hostel,7.94,0
S00301,MBA,1,Male,Day Scholar,6.86,0
S00302,CSE,2,Male,Hostel,9.14,1
S00303,EEE,2,Female,Hostel,7.83,0
S00304,EEE,1,Male,Day Scholar,6.7,0
S00305,BBA,3,Female,Day Scholar,7.74,0
S00306,ECE,1,Male,Day Scholar,6.48,0
S00307,ECE,3,Male,Day Scholar,7.66,1
S00308,Mechanical,4,Female,Hostel,7.17,0
S00309,IT,2,Female,Hostel,6.57,0
S00310,CSE,3,Male,Hostel,6.56,0
S00311,ECE,1,Female,Hostel,9.83,1
S00312,ECE,4,Male,Hostel,7.49,1
S00313,IT,4,Male,Day Scholar,6.97,0
S00314,ECE,1,Male,Hostel,6.8,0
S00315,ECE,3,Female,Hostel,7.87,1
S00316,IT,2,Male,Day Scholar,6.76,0
S00317,ECE,2,Female,Hostel,6.31,0
S00318,Civil,3,Male,Day Scholar,7.37,1
S00319,IT,2,Male,Hostel,7.36,0
S00320,BCA,3,Female,Hostel,6.98,0
S00321,BCA,1,Male,Day Scholar,6.51,1
S00322,EEE,2,Male,Day Scholar,7.01,1
S00323,IT,4,Male,Day Scholar,6.93,0
S00324,EEE,1,Male,Hostel,6.79,1
S00325,BBA,3,Male,Hostel,7.68,0
S00326,Mechanical,1,Male,Day Scholar,9.63,0
S00327,MBA,4,Female,Hostel,8.73,0
S00328,EEE,2,Male,Day Scholar,9.34,0
S00329,Mechanical,2,Male,Hostel,6.83,0
S00330,IT,1,Female,Hostel,9.07,0
S00331,MBA,2,Male,Hostel,7.63,1
S00332,CSE,4,Female,Day Scholar,8.39,1
S00333,Civil,2,Female,Hostel,7.86,0
S00334,BBA,2,Male,Day Scholar,7.06,0
S00335,CSE,3,Male,Hostel,8.12,0
S00336,Mechanical,2,Male,Day Scholar,7.88,0
S00337,CSE,2,Male,Hostel,5.63,0
S00338,Civil,2,Male,Day Scholar,7.28,0
S00339,CSE,1,Female,Day Scholar,8.27,0
S00340,BCA,3,Female,Day Scholar,7.68,1
S00341,CSE,4,Male,Hostel,7.87,0
S00342,Biotech,4,Female,Day Scholar,6.65,0
S00343,MBA,4,Male,Hostel,7.66,1
S00344,Mechanical,2,Female,Day Scholar,7.3,0
S00345,MBA,1,Female,Day Scholar,7.2,0
S00346,MBA,3,Male,Hostel,6.72,1
S00347,BCA,4,Male,Day Scholar,8.31,1
S00348,IT,3,Male,Day Scholar,7.75,1
S00349,Mechanical,2,Female,Hostel,7.64,0
S00350,CSE,3,Male,Hostel,9.45,1
S00351,Mechanical,3,Female,Hostel,7.87,1
S00352,CSE,4,Male,Day Scholar,8.6,1
S00353,Mechanical,3,Male,Day Scholar,7.67,0
S00354,Mechanical,2,Female,Hostel,7.05,0
S00355,ECE,1,Male,Hostel,6.34,0
S00356,EEE,2,Male,Hostel,7.64,1
S00357,MBA,2,Female,Hostel,4.74,0
S00358,MBA,4,Male,Hostel,7.67,0
S00359,EEE,2,Female,Hostel,7.72,1
S00360,Mechanical,2,Other,Hostel,7.18,0
S00361,BCA,2,Male,Day Scholar,7.31,0
S00362,CSE,3,Male,Day Scholar,6.15,1
S00363,CSE,2,Male,Hostel,8.79,0
S00364,CSE,1,Female,Day Scholar,7.06,0
S00365,Mechanical,4,Female,Hostel,6.43,0
S00366,ECE,2,Female,Hostel,7.94,1
S00367,MBA,2,Female,Day Scholar,7.51,0
S00368,Civil,1,Male,Day Scholar,7.04,0
S00369,IT,2,Female,Hostel,6.94,1
S00370,BCA,3,Male,Hostel,7.39,0
S00371,MBA,4,Female,Day Scholar,8.75,0
S00372,IT,1,Male,Hostel,7.87,1
S00373,ECE,4,Male,Day Scholar,7.37,0
S00374,IT,3,Male,Hostel,8.25,0
S00375,CSE,1,Male,Hostel,7.43,0
S00376,CSE,1,Male,Day Scholar,7.8,0
S00377,BCA,1,Male,Day Scholar,7.55,1
S00378,ECE,4,Female,Day Scholar,7.99,0
S00379,ECE,1,Female,Day Scholar,6.96,0
S00380,Civil,2,Male,Day Scholar,6.26,0
S00381,EEE,3,Female,Hostel,8.31,0
S00382,BCA,4,Male,Hostel,8.9,1
S00383,MBA,3,Female,Hostel,6.31,0
S00384,ECE,3,Male,Day Scholar,7.58,0
S00385,ECE,1,Female,Day Scholar,6.95,1
S00386,Biotech,4,Male,Hostel,8.28,0
S00387,Civil,1,Male,Day Scholar,7.65,1
S00388,Biotech,1,Female,Hostel,10.0,0
S00389,CSE,4,Female,Day Scholar,7.1,1
S00390,BBA,1,Female,Day Scholar,8.94,0
S00391,Mechanical,1,Male,Hostel,9.03,1
S00392,CSE,3,Male,Hostel,7.93,0
S00393,Mechanical,2,Female,Hostel,7.44,1
S00394,Civil,1,Male,Day Scholar,7.49,1
S00395,CSE,3,Male,Hostel,7.41,1
S00396,ECE,3,Male,Day Scholar,8.53,0
S00397,BBA,3,Male,Day Scholar,6.53,0
S00398,IT,1,Male,Day Scholar,7.24,0
S00399,ECE,2,Male,Day Scholar,7.12,0
S00400,ECE,3,Female,Hostel,5.67,0
S00401,IT,1,Female,Day Scholar,8.26,0
S00402,BCA,1,Female,Hostel,8.46,0
S00403,MBA,1,Female,Hostel,6.77,0
S00404,CSE,2,Male,Hostel,8.43,0
S00405,Biotech,1,Female,Hostel,5.82,0
S00406,BBA,3,Female,Day Scholar,7.42,1
S00407,IT,4,Male,Hostel,7.27,0
S00408,BBA,1,Male,Day Scholar,7.49,0
S00409,CSE,3,Female,Hostel,7.48,1
S00410,Biotech,1,Female,Day Scholar,7.32,0
S00411,Civil,1,Female,Day Scholar,7.01,1
S00412,Mechanical,3,Female,Day Scholar,7.29,0
S00413,CSE,2,Female,Day Scholar,8.76,1
S00414,BCA,4,Female,Hostel,6.82,0
S00415,CSE,2,Female,Hostel,9.66,1
S00416,IT,1,Female,Day Scholar,6.76,1
S00417,CSE,2,Female,Hostel,7.64,1
S00418,MBA,1,Male,Day Scholar,7.97,1
S00419,CSE,4,Female,Day Scholar,7.11,0
S00420,BCA,3,Male,Hostel,8.78,1
S00421,Mechanical,2,Male,Day Scholar,7.95,0
S00422,CSE,2,Male,Hostel,7.2,0
S00423,CSE,3,Male,Day Scholar,8.77,0
S00424,CSE,3,Male,Hostel,6.38,1
S00425,Mechanical,1,Male,Day Scholar,6.83,0
S00426,MBA,1,Male,Hostel,7.96,0
S00427,IT,1,Female,Day Scholar,8.2,0
S00428,BBA,2,Female,Day Scholar,7.72,0
S00429,CSE,2,Other,Day Scholar,7.27,1
S00430,MBA,1,Male,Day Scholar,7.15,1
S00431,BCA,2,Male,Day Scholar,8.53,0
S00432,MBA,2,Female,Day Scholar,7.64,0
S00433,Civil,1,Male,Day Scholar,6.53,0
S00434,BBA,4,Female,Day Scholar,6.47,0
S00435,CSE,3,Female,Day Scholar,8.91,0
S00436,CSE,2,Male,Day Scholar,6.68,0
S00437,CSE,2,Male,Hostel,7.67,1
S00438,EEE,2,Male,Day Scholar,8.75,1
S00439,MBA,4,Female,Hostel,7.94,0
S00440,Mechanical,2,Male,Hostel,6.64,1
S00441,BBA,2,Female,Day Scholar,6.38,0
S00442,CSE,4,Female,Hostel,9.27,1
S00443,MBA,4,Male,Hostel,6.36,0
S00444,CSE,3,Male,Day Scholar,6.85,0
S00445,IT,1,Male,Day Scholar,7.77,0
S00446,Civil,1,Male,Hostel,7.18,1
S00447,Biotech,3,Female,Day Scholar,7.97,0
S00448,Mechanical,2,Female,Hostel,5.93,0
S00449,CSE,3,Female,Hostel,7.19,0
S00450,Mechanical,3,Male,Hostel,8.08,0
S00451,CSE,1,Male,Hostel,8.08,1
S00452,BCA,1,Female,Day Scholar,6.83,0
S00453,Civil,2,Female,Day Scholar,6.38,0
S00454,CSE,1,Female,Day Scholar,7.61,0
S00455,CSE,3,Male,Day Scholar,6.09,0
S00456,CSE,3,Female,Day Scholar,8.68,0
S00457,Biotech,2,Male,Day Scholar,7.56,0
S00458,ECE,3,Male,Hostel,6.7,1
S00459,MBA,2,Female,Day Scholar,6.35,1
S00460,Mechanical,3,Male,Day Scholar,6.77,1
S00461,Mechanical,1,Female,Hostel,5.84,0
S00462,CSE,3,Male,Hostel,7.89,1
S00463,BCA,3,Male,Hostel,6.6,0
S00464,IT,1,Male,Day Scholar,7.8,0
S00465,Mechanical,2,Female,Day Scholar,7.94,0
S00466,Civil,4,Female,Day Scholar,8.37,0
S00467,Mechanical,1,Male,Hostel,7.65,1
S00468,BCA,3,Male,Hostel,8.53,1
S00469,CSE,4,Male,Day Scholar,8.79,0
S00470,EEE,4,Male,Hostel,7.66,1
S00471,ECE,2,Female,Hostel,7.72,0
S00472,ECE,3,Male,Day Scholar,6.84,1
S00473,CSE,4,Male,Day Scholar,6.41,0
S00474,CSE,2,Male,Day Scholar,8.68,0
S00475,IT,1,Female,Day Scholar,8.01,0
S00476,IT,1,Female,Hostel,8.09,0
S00477,ECE,3,Female,Day Scholar,6.81,1
S00478,Mechanical,2,Female,Day Scholar,9.02,0
S00479,Mechanical,1,Female,Day Scholar,7.17,0
S00480,ECE,2,Male,Hostel,6.6,0
S00481,ECE,3,Female,Day Scholar,6.83,0
S00482,CSE,2,Female,Hostel,8.97,0
S00483,Mechanical,4,Male,Day Scholar,6.29,1
S00484,IT,3,Female,Day Scholar,6.65,1
S00485,CSE,4,Female,Day Scholar,10.0,0
S00486,ECE,4,Female,Hostel,8.34,0
S00487,ECE,1,Male,Day Scholar,6.67,0
S00488,IT,3,Male,Hostel,6.32,1
S00489,Mechanical,1,Female,Day Scholar,5.73,0
S00490,Mechanical,4,Male,Hostel,7.5,0
S00491,Civil,1,Male,Hostel,8.13,1
S00492,Mechanical,3,Male,Day Scholar,8.92,0
S00493,Mechanical,4,Male,Hostel,5.51,1
S00494,IT,1,Female,Day Scholar,6.07,0
S00495,MBA,4,Female,Hostel,7.28,0
S00496,EEE,1,Female,Day Scholar,10.0,0
S00497,ECE,2,Male,Hostel,8.29,1
S00498,Mechanical,2,Male,Day Scholar,7.77,1
S00499,ECE,2,Male,Day Scholar,6.18,0
S00500,EEE,3,Male,Day Scholar,5.28,0
S00501,MBA,4,Female,Hostel,7.44,1
S00502,BCA,2,Male,Day Scholar,7.3,0
S00503,BCA,2,Male,Day Scholar,7.13,0
S00504,EEE,4,Female,Hostel,7.02,0
S00505,EEE,3,Female,Day Scholar,6.65,0
S00506,MBA,1,Male,Day Scholar,6.42,0
S00507,IT,4,Female,Day Scholar,8.79,1
S00508,BBA,1,Male,Hostel,6.51,0
S00509,EEE,3,Female,Hostel,7.12,1
S00510,CSE,2,Female,Day Scholar,7.36,0
S00511,CSE,3,Male,Day Scholar,8.11,1
S00512,BBA,1,Male,Day Scholar,6.55,0
S00513,CSE,1,Male,Day Scholar,8.38,0
S00514,IT,3,Female,Hostel,6.82,0
S00515,IT,1,Male,Hostel,7.24,0
S00516,CSE,2,Female,Day Scholar,9.04,0
S00517,IT,3,Male,Day Scholar,6.43,0
S00518,MBA,3,Male,Day Scholar,8.12,1
S00519,CSE,1,Male,Day Scholar,8.4,0
S00520,BBA,2,Male,Hostel,7.71,0
S00521,BBA,4,Male,Hostel,7.28,1
S00522,ECE,2,Female,Hostel,9.53,0
S00523,CSE,1,Female,Day Scholar,7.39,0
S00524,Mechanical,1,Male,Hostel,7.6,1
S00525,CSE,2,Female,Day Scholar,7.06,0
S00526,ECE,4,Male,Hostel,7.55,0
S00527,Biotech,2,Female,Hostel,8.36,0
S00528,Biotech,1,Male,Hostel,7.12,1
S00529,MBA,2,Female,Day Scholar,5.29,0
S00530,IT,1,Male,Hostel,7.91,1
S00531,Civil,1,Male,Day Scholar,6.32,1
S00532,Civil,4,Female,Day Scholar,8.14,1
S00533,ECE,3,Male,Hostel,7.4,1
S00534,Mechanical,1,Male,Day Scholar,8.34,0
S00535,CSE,2,Male,Hostel,6.45,1
S00536,CSE,1,Female,Hostel,6.86,0
S00537,EEE,1,Male,Hostel,7.06,0
S00538,CSE,3,Female,Day Scholar,5.92,0
S00539,CSE,2,Female,Day Scholar,8.51,0
S00540,BBA,3,Female,Hostel,5.77,1
S00541,Biotech,4,Male,Day Scholar,8.5,1
S00542,EEE,1,Female,Day Scholar,7.82,1
S00543,BBA,4,Male,Day Scholar,7.2,0
S00544,Biotech,2,Female,Day Scholar,7.75,0
S00545,CSE,1,Male,Day Scholar,7.72,0
S00546,ECE,4,Female,Day Scholar,7.0,0
S00547,ECE,1,Female,Hostel,7.7,1
S00548,CSE,2,Male,Day Scholar,8.13,0
S00549,MBA,3,Male,Hostel,6.46,0
S00550,ECE,1,Male,Day Scholar,7.75,1
S00551,ECE,4,Male,Day Scholar,4.77,0
S00552,CSE,1,Male,Hostel,5.47,0
S00553,CSE,4,Female,Hostel,7.96,0
S00554,BCA,1,Male,Day Scholar,6.98,0
S00555,CSE,1,Female,Day Scholar,6.55,0
S00556,IT,2,Male,Day Scholar,7.35,0
S00557,IT,4,Male,Day Scholar,7.0,1
S00558,EEE,1,Male,Hostel,6.41,0
S00559,Mechanical,4,Female,Hostel,5.76,1
S00560,EEE,1,Male,Day Scholar,5.43,0
S00561,CSE,2,Male,Hostel,8.14,1
S00562,IT,2,Male,Day Scholar,6.98,0
S00563,BBA,1,Female,Hostel,8.37,1
S00564,Mechanical,4,Female,Hostel,6.97,1
S00565,Mechanical,2,Male,Day Scholar,7.75,0
S00566,Civil,3,Male,Day Scholar,7.27,0
S00567,MBA,2,Male,Day Scholar,7.44,0
S00568,CSE,2,Male,Hostel,7.49,1
S00569,ECE,3,Other,Day Scholar,6.95,1
S00570,EEE,4,Male,Day Scholar,6.17,0
S00571,IT,3,Female,Day Scholar,8.17,0
S00572,BBA,2,Female,Day Scholar,8.99,1
S00573,EEE,3,Female,Hostel,9.06,1
S00574,MBA,3,Male,Day Scholar,6.85,1
S00575,BBA,2,Female,Day Scholar,6.67,0
S00576,EEE,3,Male,Day Scholar,6.85,0
S00577,BCA,2,Male,Day Scholar,7.22,0
S00578,Mechanical,3,Female,Hostel,7.35,0
S00579,BBA,4,Male,Day Scholar,6.4,1
S00580,IT,4,Male,Hostel,5.92,0
S00581,EEE,3,Male,Hostel,7.45,0
S00582,EEE,3,Male,Day Scholar,4.5,0
S00583,CSE,3,Female,Hostel,7.3,0
S00584,ECE,1,Female,Day Scholar,6.46,0
S00585,BCA,2,Female,Hostel,8.18,0
S00586,Mechanical,1,Male,Hostel,8.45,1
S00587,CSE,1,Male,Hostel,8.47,1
S00588,IT,4,Male,Hostel,7.05,0
S00589,CSE,4,Male,Hostel,6.26,1
S00590,CSE,2,Female,Hostel,6.59,0
S00591,BCA,1,Female,Hostel,7.69,0
S00592,ECE,3,Female,Hostel,5.75,0
S00593,IT,2,Female,Hostel,8.79,0
S00594,Mechanical,3,Male,Hostel,7.07,0
S00595,CSE,4,Female,Hostel,7.9,0
S00596,IT,2,Female,Hostel,5.62,0
S00597,Civil,1,Female,Hostel,6.47,0
S00598,Mechanical,1,Male,Hostel,5.49,0
S00599,Biotech,1,Female,Hostel,8.42,0
S00600,Mechanical,2,Male,Hostel,7.24,0
S00601,ECE,1,Female,Day Scholar,7.97,1
S00602,MBA,1,Female,Hostel,7.46,0
S00603,BCA,1,Female,Hostel,7.87,0
S00604,Civil,1,Male,Day Scholar,7.06,1
S00605,Biotech,3,Male,Day Scholar,7.2,0
S00606,MBA,1,Female,Hostel,7.31,0
S00607,BBA,4,Female,Day Scholar,7.81,0
S00608,CSE,1,Female,Day Scholar,7.83,1
S00609,MBA,1,Male,Day Scholar,10.0,1
S00610,ECE,1,Female,Day Scholar,9.08,0
S00611,EEE,3,Female,Day Scholar,5.62,0
S00612,Mechanical,1,Male,Day Scholar,7.26,0
S00613,Biotech,2,Male,Hostel,6.99,0
S00614,Biotech,1,Female,Day Scholar,8.68,0
S00615,IT,4,Male,Day Scholar,7.08,0
S00616,MBA,1,Female,Hostel,7.86,1
S00617,MBA,2,Female,Hostel,5.06,0
S00618,IT,4,Male,Day Scholar,5.89,1
S00619,CSE,1,Male,Day Scholar,9.49,1
S00620,CSE,1,Female,Day Scholar,7.45,0
S00621,MBA,3,Female,Hostel,6.4,1
S00622,EEE,1,Female,Day Scholar,7.64,0
S00623,Biotech,1,Female,Hostel,6.35,0
S00624,ECE,2,Female,Day Scholar,7.12,0
S00625,Biotech,1,Female,Hostel,5.95,0
S00626,ECE,4,Female,Hostel,6.61,0
S00627,MBA,3,Male,Hostel,6.98,1
S00628,CSE,3,Male,Hostel,8.52,1
S00629,EEE,1,Male,Hostel,7.86,0
S00630,MBA,3,Female,Day Scholar,8.04,0
S00631,BCA,3,Male,Hostel,7.37,1
S00632,BBA,1,Female,Day Scholar,8.22,0
S00633,CSE,4,Female,Day Scholar,6.53,0
S00634,ECE,2,Male,Hostel,6.67,0
S00635,CSE,3,Male,Day Scholar,7.81,1
S00636,CSE,1,Female,Day Scholar,7.12,0
S00637,Civil,1,Male,Day Scholar,7.39,0
S00638,Civil,3,Female,Day Scholar,7.24,0
S00639,MBA,3,Male,Day Scholar,8.65,0
S00640,BBA,2,Male,Day Scholar,8.71,0
S00641,MBA,1,Female,Hostel,6.77,1
S00642,MBA,3,Male,Hostel,5.64,0
S00643,CSE,1,Male,Day Scholar,6.69,0
S00644,IT,2,Male,Hostel,6.5,0
S00645,Mechanical,3,Male,Day Scholar,8.23,0
S00646,BBA,1,Female,Hostel,8.32,0
S00647,CSE,1,Male,Hostel,6.37,0
S00648,EEE,1,Male,Day Scholar,6.65,0
S00649,Civil,4,Male,Hostel,5.92,1
S00650,CSE,2,Male,Hostel,7.53,0
S00651,ECE,3,Male,Day Scholar,7.36,0
S00652,BCA,4,Female,Day Scholar,8.19,0
S00653,Civil,3,Male,Day Scholar,7.9,0
S00654,IT,2,Female,Hostel,8.01,0
S00655,BBA,2,Male,Day Scholar,5.86,0
S00656,IT,2,Male,Day Scholar,6.77,0
S00657,BBA,3,Male,Day Scholar,8.35,1
S00658,IT,4,Female,Hostel,6.86,0
S00659,Mechanical,3,Female,Hostel,5.77,0
S00660,ECE,2,Male,Day Scholar,8.21,0
S00661,IT,2,Female,Day Scholar,6.82,0
S00662,BCA,4,Male,Hostel,8.46,0
S00663,CSE,1,Female,Day Scholar,7.38,1
S00664,CSE,4,Female,Day Scholar,7.12,1
S00665,IT,1,Male,Hostel,8.76,0
S00666,Civil,3,Male,Day Scholar,6.1,0
S00667,MBA,3,Male,Hostel,8.83,0
S00668,Biotech,2,Female,Day Scholar,6.76,0
S00669,IT,1,Male,Day Scholar,7.56,0
S00670,ECE,4,Female,Day Scholar,7.57,0
S00671,CSE,2,Male,Day Scholar,6.97,0
S00672,Mechanical,2,Female,Day Scholar,6.64,0
S00673,Biotech,2,Male,Hostel,7.03,1
S00674,Civil,2,Female,Day Scholar,6.39,1
S00675,Mechanical,3,Male,Day Scholar,9.36,0
S00676,ECE,1,Male,Hostel,6.92,1
S00677,BCA,2,Male,Day Scholar,8.56,0
S00678,EEE,4,Female,Hostel,8.43,0
S00679,CSE,1,Male,Day Scholar,7.76,1
S00680,ECE,2,Female,Day Scholar,7.26,0
S00681,CSE,3,Female,Day Scholar,7.59,0
S00682,CSE,4,Male,Day Scholar,7.97,1
S00683,CSE,3,Male,Hostel,7.5,1
S00684,ECE,3,Male,Day Scholar,5.83,0
S00685,Mechanical,1,Male,Day Scholar,5.58,0
S00686,IT,2,Male,Hostel,8.91,0
S00687,ECE,4,Female,Hostel,4.77,1
S00688,Biotech,4,Male,Day Scholar,7.6,0
S00689,MBA,2,Male,Day Scholar,7.17,1
S00690,EEE,2,Female,Hostel,7.56,0
S00691,IT,2,Male,Hostel,6.26,0
S00692,BCA,1,Female,Hostel,7.75,0
S00693,IT,4,Female,Day Scholar,7.61,0
S00694,IT,3,Male,Day Scholar,10.0,0
S00695,BCA,2,Male,Day Scholar,7.53,1
S00696,EEE,1,Female,Day Scholar,8.75,0
S00697,MBA,2,Female,Hostel,5.9,1
S00698,Mechanical,1,Female,Day Scholar,8.42,0
S00699,Mechanical,3,Female,Hostel,7.63,0
S00700,IT,2,Male,Hostel,7.67,0
S00701,IT,1,Male,Day Scholar,7.68,1
S00702,IT,3,Female,Day Scholar,9.11,1
S00703,CSE,4,Female,Day Scholar,7.66,0
S00704,BBA,1,Female,Hostel,6.62,1
S00705,IT,2,Male,Hostel,6.78,0
S00706,Mechanical,2,Female,Hostel,8.22,0
S00707,MBA,1,Male,Day Scholar,7.85,0
S00708,MBA,2,Male,Hostel,5.87,0
S00709,ECE,3,Male,Day Scholar,7.91,1
S00710,ECE,1,Male,Day Scholar,6.32,0
S00711,Biotech,1,Female,Day Scholar,7.84,0
S00712,Civil,4,Male,Day Scholar,6.59,0
S00713,BBA,2,Female,Hostel,7.12,0
S00714,BCA,3,Male,Day Scholar,6.86,1
S00715,MBA,3,Male,Day Scholar,8.92,0
S00716,CSE,4,Male,Day Scholar,7.8,0
S00717,Mechanical,3,Male,Day Scholar,8.66,0
S00718,CSE,4,Female,Hostel,10.0,1
S00719,Mechanical,3,Male,Hostel,7.45,0
S00720,Biotech,2,Male,Hostel,8.9,0
S00721,EEE,2,Male,Day Scholar,6.7,0
S00722,ECE,2,Male,Day Scholar,8.65,0
S00723,CSE,2,Male,Day Scholar,6.59,0
S00724,Biotech,1,Female,Day Scholar,7.38,1
S00725,CSE,2,Male,Hostel,7.94,0
S00726,CSE,2,Male,Day Scholar,8.09,0
S00727,IT,1,Female,Day Scholar,6.13,0
S00728,CSE,1,Female,Hostel,6.53,1
S00729,ECE,3,Male,Day Scholar,8.01,1
S00730,EEE,2,Female,Day Scholar,7.03,0
S00731,IT,3,Female,Day Scholar,6.0,0
S00732,CSE,2,Male,Hostel,7.33,0
S00733,CSE,4,Male,Day Scholar,7.28,0
S00734,ECE,3,Female,Day Scholar,7.58,0
S00735,CSE,1,Female,Day Scholar,7.93,0
S00736,Civil,4,Other,Hostel,7.87,0
S00737,CSE,1,Male,Hostel,6.63,0
S00738,IT,3,Female,Day Scholar,6.99,1
S00739,ECE,3,Male,Hostel,8.33,0
S00740,ECE,2,Female,Hostel,6.86,1
S00741,CSE,3,Female,Day Scholar,7.0,0
S00742,CSE,2,Male,Hostel,5.9,0
S00743,BBA,1,Male,Hostel,7.37,1
S00744,CSE,1,Female,Day Scholar,7.75,1
S00745,EEE,1,Female,Hostel,5.42,0
S00746,EEE,1,Male,Day Scholar,6.33,0
S00747,IT,3,Female,Hostel,5.98,1
S00748,ECE,2,Male,Hostel,8.19,0
S00749,MBA,2,Male,Hostel,5.49,0
S00750,BBA,3,Male,Hostel,7.32,0
S00751,IT,1,Female,Hostel,8.12,0
S00752,IT,1,Male,Day Scholar,7.59,0
S00753,IT,3,Female,Day Scholar,6.96,1
S00754,ECE,4,Male,Hostel,7.75,0
S00755,Civil,2,Female,Hostel,8.44,0
S00756,IT,1,Female,Day Scholar,7.29,0
S00757,IT,3,Male,Day Scholar,5.16,0
S00758,BCA,4,Male,Hostel,8.55,1
S00759,CSE,2,Male,Hostel,7.8,1
S00760,ECE,1,Male,Hostel,7.37,0
S00761,Civil,1,Female,Day Scholar,5.42,0
S00762,CSE,3,Female,Hostel,7.1,0
S00763,CSE,4,Male,Day Scholar,6.52,0
S00764,CSE,3,Female,Hostel,6.18,0
S00765,BCA,2,Male,Hostel,7.26,1
S00766,CSE,3,Male,Day Scholar,6.86,0
S00767,CSE,4,Male,Hostel,6.93,0
S00768,CSE,2,Male,Day Scholar,8.14,0
S00769,CSE,3,Female,Day Scholar,7.66,0
S00770,Mechanical,2,Male,Day Scholar,6.9,0
S00771,IT,2,Female,Day Scholar,6.78,0
S00772,Mechanical,3,Male,Hostel,6.95,0
S00773,Mechanical,2,Female,Hostel,7.15,1
S00774,BBA,4,Male,Day Scholar,7.98,0
S00775,CSE,2,Male,Day Scholar,6.36,1
S00776,BBA,2,Male,Hostel,8.86,0
S00777,Mechanical,2,Male,Hostel,7.98,1
S00778,CSE,2,Male,Hostel,4.66,0
S00779,MBA,2,Male,Hostel,7.49,1
S00780,BBA,3,Female,Hostel,8.44,0
S00781,IT,2,Male,Day Scholar,7.79,0
S00782,BCA,2,Female,Day Scholar,6.99,0
S00783,ECE,3,Female,Hostel,7.34,0
S00784,Mechanical,1,Male,Hostel,7.58,0
S00785,Biotech,3,Female,Hostel,8.17,0
S00786,ECE,2,Male,Hostel,5.98,1
S00787,BBA,2,Female,Day Scholar,6.79,0
S00788,IT,3,Female,Hostel,9.04,0
S00789,MBA,3,Female,Day Scholar,7.43,0
S00790,Mechanical,4,Male,Day Scholar,8.93,1
S00791,CSE,2,Female,Day Scholar,10.0,0
S00792,ECE,2,Male,Day Scholar,6.91,0
S00793,IT,3,Male,Day Scholar,6.2,0
S00794,CSE,3,Male,Day Scholar,7.13,1
S00795,CSE,3,Male,Hostel,8.5,1
S00796,IT,2,Female,Day Scholar,8.64,0
S00797,CSE,3,Female,Hostel,9.67,0
S00798,CSE,1,Male,Hostel,7.36,0
S00799,Civil,2,Female,Day Scholar,7.89,0
S00800,Civil,1,Female,Hostel,6.69,1
S00801,MBA,2,Female,Hostel,4.89,0
S00802,IT,3,Female,Hostel,7.36,0
S00803,BCA,2,Male,Hostel,6.25,0
S00804,Mechanical,2,Male,Hostel,8.04,0
S00805,CSE,4,Female,Hostel,5.52,0
S00806,CSE,3,Male,Day Scholar,6.66,1
S00807,Civil,2,Female,Day Scholar,7.67,1
S00808,CSE,4,Female,Hostel,7.77,1
S00809,EEE,2,Female,Day Scholar,7.35,0
S00810,Biotech,3,Male,Day Scholar,9.27,0
S00811,CSE,1,Female,Day Scholar,8.97,0
S00812,CSE,1,Female,Day Scholar,6.72,0
S00813,Biotech,2,Male,Day Scholar,9.01,0
S00814,Mechanical,1,Male,Hostel,9.16,1
S00815,CSE,2,Male,Day Scholar,7.28,0
S00816,BCA,1,Male,Day Scholar,7.45,0
S00817,BCA,3,Female,Day Scholar,7.35,0
S00818,EEE,1,Female,Hostel,6.76,1
S00819,Mechanical,1,Male,Day Scholar,6.85,0
S00820,IT,4,Male,Day Scholar,8.72,0
S00821,CSE,3,Male,Hostel,7.84,0
S00822,Mechanical,4,Male,Day Scholar,6.85,0
S00823,IT,2,Male,Day Scholar,6.47,1
S00824,Civil,1,Female,Day Scholar,6.64,0
S00825,BBA,2,Female,Hostel,7.24,1
S00826,CSE,2,Female,Day Scholar,8.31,0
S00827,Mechanical,1,Female,Day Scholar,6.54,1
S00828,IT,4,Male,Hostel,8.3,0
S00829,BBA,3,Female,Day Scholar,7.6,0
S00830,IT,3,Male,Hostel,7.54,0
S00831,Mechanical,2,Male,Day Scholar,8.43,0
S00832,EEE,3,Male,Day Scholar,8.24,0
S00833,ECE,1,Male,Day Scholar,6.0,0
S00834,Civil,4,Male,Day Scholar,6.32,0
S00835,Civil,2,Male,Hostel,7.17,0
S00836,Mechanical,1,Male,Day Scholar,7.76,0
S00837,MBA,1,Female,Hostel,8.76,0
S00838,Biotech,3,Male,Day Scholar,7.47,0
S00839,ECE,4,Male,Hostel,9.1,1
S00840,EEE,4,Other,Day Scholar,6.69,0
S00841,CSE,3,Female,Day Scholar,6.86,1
S00842,MBA,4,Male,Hostel,7.09,0
S00843,EEE,3,Female,Hostel,6.58,0
S00844,ECE,2,Male,Hostel,8.56,0
S00845,CSE,3,Male,Hostel,4.63,1
S00846,BCA,1,Male,Hostel,6.9,0
S00847,ECE,1,Male,Day Scholar,8.55,1
S00848,Civil,2,Female,Day Scholar,7.09,0
S00849,CSE,1,Male,Day Scholar,8.47,1
S00850,Biotech,4,Female,Hostel,9.6,0
S00851,CSE,4,Female,Hostel,7.48,0
S00852,CSE,2,Female,Day Scholar,8.57,0
S00853,BBA,3,Male,Day Scholar,9.82,0
S00854,BCA,2,Male,Day Scholar,7.8,0
S00855,CSE,1,Female,Day Scholar,7.35,0
S00856,ECE,2,Female,Day Scholar,8.3,0
S00857,MBA,1,Male,Day Scholar,8.58,0
S00858,BBA,2,Male,Day Scholar,7.36,0
S00859,ECE,1,Female,Hostel,6.92,1
S00860,EEE,1,Female,Day Scholar,9.12,0
S00861,MBA,1,Female,Day Scholar,7.13,0
S00862,MBA,4,Female,Hostel,8.59,0
S00863,MBA,1,Male,Day Scholar,7.66,0
S00864,Mechanical,2,Male,Day Scholar,9.23,0
S00865,CSE,2,Female,Day Scholar,6.55,0
S00866,BCA,2,Female,Hostel,6.55,0
S00867,BBA,2,Male,Hostel,8.25,0
S00868,MBA,1,Female,Day Scholar,6.27,0
S00869,CSE,3,Male,Hostel,7.52,0
S00870,CSE,2,Male,Hostel,8.95,1
S00871,MBA,3,Female,Hostel,5.62,1
S00872,CSE,2,Male,Hostel,7.8,0
S00873,Biotech,2,Male,Day Scholar,8.61,0
S00874,ECE,2,Female,Day Scholar,7.37,0
S00875,Civil,1,Male,Hostel,6.47,0
S00876,BCA,2,Male,Day Scholar,7.14,1
S00877,ECE,1,Female,Hostel,6.56,0
S00878,IT,2,Male,Hostel,7.47,1
S00879,Mechanical,3,Female,Day Scholar,7.12,0
S00880,Mechanical,1,Male,Day Scholar,6.89,0
S00881,ECE,1,Male,Hostel,7.87,1
S00882,Mechanical,3,Female,Day Scholar,8.98,0
S00883,BCA,2,Male,Hostel,7.73,0
S00884,ECE,3,Female,Day Scholar,8.74,0
S00885,CSE,4,Female,Hostel,8.98,1
S00886,ECE,4,Female,Day Scholar,6.81,0
S00887,ECE,2,Male,Day Scholar,7.67,0
S00888,CSE,1,Male,Hostel,6.98,0
S00889,CSE,3,Female,Day Scholar,5.92,0
S00890,Civil,3,Male,Day Scholar,7.76,0
S00891,IT,3,Female,Hostel,6.35,0
S00892,Biotech,2,Female,Day Scholar,7.88,0
S00893,IT,1,Male,Day Scholar,5.84,1
S00894,CSE,1,Male,Hostel,7.57,0
S00895,MBA,1,Female,Day Scholar,5.83,0
S00896,BCA,1,Female,Hostel,8.07,0
S00897,IT,4,Male,Day Scholar,7.01,0
S00898,CSE,1,Female,Day Scholar,6.91,0
S00899,CSE,3,Female,Day Scholar,8.53,0
S00900,EEE,4,Male,Day Scholar,7.08,0
S00901,ECE,2,Male,Day Scholar,7.51,0
S00902,IT,2,Female,Hostel,7.2,0
S00903,CSE,3,Female,Hostel,7.91,1
S00904,EEE,2,Female,Day Scholar,8.44,0
S00905,Biotech,2,Male,Hostel,8.24,1
S00906,Mechanical,3,Female,Day Scholar,6.93,0
S00907,EEE,3,Female,Hostel,8.61,0
S00908,CSE,3,Female,Hostel,6.48,0
S00909,IT,4,Male,Hostel,6.66,0
S00910,IT,2,Male,Day Scholar,7.27,0
S00911,MBA,3,Male,Hostel,8.45,0
S00912,BBA,3,Male,Hostel,6.23,0
S00913,BCA,3,Male,Day Scholar,8.29,0
S00914,Biotech,3,Female,Day Scholar,7.35,0
S00915,Biotech,3,Male,Day Scholar,6.97,0
S00916,Biotech,4,Female,Hostel,8.5,0
S00917,CSE,2,Male,Hostel,6.6,1
S00918,CSE,3,Female,Day Scholar,9.69,0
S00919,IT,1,Male,Hostel,7.22,0
S00920,EEE,3,Female,Hostel,7.55,1
S00921,CSE,3,Female,Day Scholar,8.94,0
S00922,BBA,3,Female,Hostel,7.58,0
S00923,Mechanical,2,Male,Day Scholar,8.59,0
S00924,EEE,2,Male,Hostel,5.45,0
S00925,CSE,2,Female,Hostel,6.96,1
S00926,IT,1,Male,Hostel,7.8,0
S00927,CSE,1,Female,Day Scholar,8.48,1
S00928,BBA,4,Male,Day Scholar,8.17,0
S00929,Mechanical,2,Male,Day Scholar,8.08,1
S00930,MBA,4,Female,Hostel,8.46,1
S00931,IT,1,Female,Day Scholar,7.88,0
S00932,ECE,3,Female,Day Scholar,5.26,0
S00933,ECE,2,Male,Day Scholar,8.84,0
S00934,MBA,3,Female,Day Scholar,6.56,0
S00935,MBA,3,Other,Day Scholar,7.71,0
S00936,CSE,3,Male,Day Scholar,7.58,0
S00937,BCA,4,Male,Hostel,7.45,0
S00938,CSE,2,Male,Day Scholar,6.29,0
S00939,BCA,1,Female,Hostel,5.46,0
S00940,CSE,1,Male,Day Scholar,6.4,0
S00941,IT,3,Female,Hostel,8.23,0
S00942,BBA,2,Male,Hostel,5.95,0
S00943,CSE,2,Female,Hostel,6.52,1
S00944,ECE,3,Female,Day Scholar,7.82,0
S00945,ECE,2,Male,Hostel,6.37,0
S00946,IT,3,Male,Day Scholar,6.86,0
S00947,Civil,3,Male,Day Scholar,7.48,0
S00948,BBA,3,Male,Hostel,7.68,1
S00949,BBA,3,Male,Day Scholar,6.35,0
S00950,IT,4,Female,Day Scholar,7.54,1
S00951,EEE,3,Male,Day Scholar,7.8,0
S00952,IT,4,Male,Hostel,6.13,0
S00953,IT,1,Male,Day Scholar,7.61,0
S00954,CSE,3,Male,Hostel,6.68,0
S00955,BCA,3,Female,Day Scholar,7.52,0
S00956,BCA,2,Male,Day Scholar,8.12,1
S00957,MBA,1,Male,Hostel,7.22,1
S00958,EEE,2,Male,Hostel,8.31,0
S00959,EEE,2,Female,Day Scholar,8.19,0
S00960,EEE,4,Female,Hostel,8.31,0
S00961,EEE,2,Male,Hostel,7.8,0
S00962,ECE,1,Female,Hostel,8.5,1
S00963,CSE,2,Female,Day Scholar,7.79,0
S00964,CSE,2,Female,Hostel,5.73,0
S00965,Biotech,1,Male,Day Scholar,6.61,0
S00966,EEE,2,Female,Day Scholar,7.19,0
S00967,Biotech,2,Female,Day Scholar,7.31,1
S00968,CSE,1,Male,Day Scholar,7.76,0
S00969,EEE,3,Male,Day Scholar,6.59,1
S00970,CSE,2,Male,Hostel,9.41,0
S00971,IT,3,Male,Hostel,7.3,0
S00972,CSE,2,Male,Hostel,7.39,0
S00973,CSE,1,Female,Hostel,6.73,0
S00974,BCA,4,Female,Hostel,6.4,0
S00975,IT,2,Male,Day Scholar,7.27,1
S00976,Mechanical,1,Male,Hostel,7.43,0
S00977,ECE,3,Female,Hostel,7.31,1
S00978,ECE,1,Male,Day Scholar,9.06,0
S00979,EEE,3,Male,Hostel,7.27,0
S00980,CSE,3,Female,Day Scholar,7.31,0
S00981,Biotech,4,Male,Hostel,8.22,0
S00982,BBA,4,Male,Day Scholar,7.23,0
S00983,MBA,1,Female,Hostel,7.94,0
S00984,ECE,3,Female,Hostel,6.12,1
S00985,CSE,2,Male,Day Scholar,6.13,0
S00986,BCA,3,Female,Day Scholar,7.52,0
S00987,IT,3,Female,Hostel,7.17,0
S00988,CSE,1,Male,Hostel,6.59,0
S00989,IT,1,Female,Day Scholar,7.52,0
S00990,MBA,1,Male,Hostel,7.61,0
S00991,Mechanical,1,Male,Day Scholar,6.69,0
S00992,MBA,1,Male,Day Scholar,6.88,0
S00993,MBA,4,Male,Day Scholar,7.62,1
S00994,CSE,2,Male,Day Scholar,6.38,0
S00995,BCA,3,Female,Hostel,6.8,0
S00996,ECE,4,Male,Day Scholar,7.93,0
S00997,Mechanical,3,Female,Day Scholar,7.38,0
S00998,CSE,2,Male,Day Scholar,6.92,0
S00999,Biotech,4,Female,Day Scholar,6.5,0
S01000,IT,3,Female,Day Scholar,6.39,0
S01001,CSE,3,Male,Hostel,7.27,1
S01002,ECE,4,Female,Day Scholar,9.43,0
S01003,CSE,3,Female,Day Scholar,7.97,0
S01004,CSE,2,Male,Hostel,6.07,1
S01005,Mechanical,4,Male,Day Scholar,8.11,1
S01006,ECE,2,Female,Day Scholar,6.64,0
S01007,BCA,3,Female,Day Scholar,7.4,0
S01008,IT,1,Male,Day Scholar,6.81,0
S01009,Civil,1,Female,Hostel,9.42,0
S01010,ECE,2,Male,Day Scholar,6.27,0
S01011,Mechanical,1,Male,Hostel,7.71,0
S01012,Mechanical,4,Female,Day Scholar,6.71,0
S01013,ECE,1,Female,Day Scholar,8.14,0
S01014,Biotech,3,Male,Day Scholar,7.69,0
S01015,IT,1,Male,Hostel,8.65,1
S01016,CSE,4,Male,Day Scholar,8.12,0
S01017,Civil,2,Female,Day Scholar,6.71,0
S01018,BBA,1,Male,Hostel,10.0,1
S01019,CSE,1,Male,Hostel,7.96,0
S01020,ECE,2,Male,Hostel,6.85,0
S01021,BCA,4,Female,Day Scholar,7.61,0
S01022,MBA,4,Male,Day Scholar,8.03,0
S01023,Biotech,2,Female,Day Scholar,7.99,1
S01024,EEE,2,Male,Day Scholar,7.9,0
S01025,Mechanical,1,Male,Day Scholar,8.37,1
S01026,IT,2,Male,Day Scholar,8.27,0
S01027,BCA,3,Male,Hostel,6.55,1
S01028,ECE,1,Male,Hostel,9.51,0
S01029,MBA,3,Male,Hostel,9.37,0
S01030,ECE,4,Male,Day Scholar,8.2,0
S01031,Mechanical,1,Male,Day Scholar,7.44,0
S01032,Civil,1,Male,Day Scholar,7.46,0
S01033,EEE,1,Male,Day Scholar,7.08,0
S01034,BCA,1,Male,Day Scholar,7.21,0
S01035,ECE,1,Male,Day Scholar,5.21,1
S01036,Mechanical,3,Female,Day Scholar,8.93,0
S01037,IT,1,Female,Hostel,8.58,1
S01038,ECE,3,Female,Hostel,5.72,0
S01039,ECE,4,Male,Day Scholar,8.29,1
S01040,CSE,4,Female,Day Scholar,7.39,1
S01041,CSE,3,Female,Day Scholar,7.2,0
S01042,Civil,1,Male,Hostel,7.89,1
S01043,Mechanical,1,Male,Day Scholar,5.66,1
S01044,Civil,1,Female,Hostel,7.39,0
S01045,CSE,4,Female,Hostel,7.48,1
S01046,IT,4,Female,Day Scholar,7.48,0
S01047,CSE,2,Female,Day Scholar,6.03,0
S01048,MBA,2,Female,Hostel,7.85,0
S01049,BBA,2,Female,Hostel,8.46,1
S01050,IT,1,Male,Day Scholar,7.81,0
S01051,Civil,4,Male,Hostel,7.17,0
S01052,CSE,1,Female,Hostel,10.0,0
S01053,IT,2,Male,Day Scholar,6.48,0
S01054,CSE,2,Male,Day Scholar,8.17,0
S01055,IT,1,Male,Hostel,7.64,0
S01056,Civil,2,Male,Day Scholar,9.41,0
S01057,BCA,4,Male,Day Scholar,7.79,0
S01058,CSE,1,Female,Hostel,8.0,1
S01059,EEE,3,Male,Hostel,7.91,0
S01060,Civil,2,Female,Hostel,6.34,0
S01061,Biotech,1,Male,Hostel,6.53,0
S01062,Mechanical,1,Female,Day Scholar,7.12,1
S01063,IT,1,Female,Day Scholar,8.36,0
S01064,Mechanical,1,Female,Day Scholar,7.63,0
S01065,IT,2,Male,Hostel,7.19,1
S01066,Biotech,3,Male,Day Scholar,8.77,0
S01067,ECE,3,Female,Day Scholar,5.42,1
S01068,Civil,4,Female,Day Scholar,6.1,0
S01069,CSE,2,Male,Day Scholar,4.9,1
S01070,ECE,3,Female,Day Scholar,8.61,0
S01071,BBA,3,Female,Day Scholar,7.3,0
S01072,Mechanical,1,Male,Day Scholar,8.37,0
S01073,ECE,2,Female,Day Scholar,7.29,0
S01074,BCA,2,Male,Day Scholar,8.42,0
S01075,BBA,3,Male,Hostel,7.27,0
S01076,IT,2,Female,Hostel,7.81,0
S01077,EEE,1,Male,Hostel,7.66,0
S01078,EEE,4,Female,Day Scholar,7.74,1
S01079,Mechanical,1,Female,Hostel,9.08,0
S01080,IT,4,Other,Hostel,5.78,1
S01081,IT,3,Male,Day Scholar,7.33,1
S01082,BCA,4,Male,Hostel,7.6,0
S01083,BCA,3,Male,Day Scholar,7.45,0
S01084,BBA,1,Female,Hostel,7.0,1
S01085,Biotech,3,Male,Day Scholar,6.87,0
S01086,MBA,3,Female,Hostel,8.93,0
S01087,MBA,3,Male,Day Scholar,7.33,1
S01088,MBA,1,Male,Day Scholar,9.84,0
S01089,EEE,1,Female,Hostel,7.93,0
S01090,ECE,2,Female,Hostel,7.11,0
S01091,IT,2,Male,Day Scholar,7.95,1
S01092,Mechanical,2,Female,Day Scholar,7.51,0
S01093,IT,4,Male,Hostel,8.74,0
S01094,IT,3,Female,Day Scholar,6.23,0
S01095,Mechanical,3,Male,Hostel,5.6,0
S01096,ECE,1,Male,Day Scholar,7.76,1
S01097,CSE,2,Male,Day Scholar,8.24,0
S01098,BBA,2,Male,Day Scholar,7.69,0
S01099,BBA,1,Female,Hostel,8.07,0
S01100,CSE,1,Male,Hostel,7.93,0
S01101,CSE,2,Male,Hostel,5.92,0
S01102,IT,1,Male,Hostel,7.68,0
S01103,MBA,2,Male,Day Scholar,8.72,1
S01104,BBA,1,Female,Day Scholar,7.57,1
S01105,CSE,1,Male,Hostel,6.09,0
S01106,MBA,1,Female,Hostel,7.07,1
S01107,CSE,3,Female,Day Scholar,7.96,1
S01108,ECE,2,Male,Day Scholar,9.2,1
S01109,Biotech,2,Female,Day Scholar,5.44,0
S01110,CSE,1,Male,Hostel,7.76,0
S01111,CSE,4,Male,Hostel,6.47,0
S01112,ECE,3,Male,Hostel,7.91,0
S01113,Mechanical,3,Male,Day Scholar,7.99,0
S01114,BCA,2,Male,Day Scholar,7.17,0
S01115,Biotech,3,Male,Hostel,8.03,0
S01116,CSE,4,Female,Hostel,8.54,1
S01117,CSE,2,Female,Day Scholar,7.24,0
S01118,MBA,3,Female,Hostel,6.06,0
S01119,IT,1,Male,Day Scholar,8.83,0
S01120,BCA,3,Female,Hostel,8.23,1
S01121,Civil,2,Male,Hostel,7.96,0
S01122,CSE,1,Female,Hostel,6.71,1
S01123,BBA,4,Male,Day Scholar,8.39,0
S01124,CSE,4,Female,Hostel,9.44,0
S01125,ECE,1,Female,Hostel,7.28,0
S01126,EEE,4,Male,Day Scholar,7.49,0
S01127,EEE,2,Female,Hostel,6.33,1
S01128,Civil,2,Female,Hostel,6.68,0
S01129,Mechanical,4,Female,Hostel,6.33,1
S01130,Biotech,2,Male,Day Scholar,7.53,0
S01131,Biotech,2,Female,Hostel,7.06,1
S01132,EEE,3,Female,Day Scholar,7.77,1
S01133,CSE,1,Male,Day Scholar,6.51,1
S01134,Civil,2,Male,Day Scholar,7.23,1
S01135,Biotech,2,Male,Hostel,6.45,0
S01136,IT,3,Female,Day Scholar,7.59,1
S01137,ECE,1,Male,Day Scholar,5.77,0
S01138,ECE,1,Male,Day Scholar,7.55,1
S01139,CSE,3,Male,Hostel,7.12,0
S01140,Civil,1,Female,Day Scholar,7.58,0
S01141,IT,2,Female,Day Scholar,5.75,0
S01142,MBA,3,Male,Day Scholar,8.05,0
S01143,BBA,3,Male,Hostel,7.1,1
S01144,BBA,1,Female,Day Scholar,7.62,1
S01145,ECE,4,Male,Day Scholar,5.53,1
S01146,IT,3,Male,Day Scholar,6.16,0
S01147,MBA,2,Female,Day Scholar,7.01,0
S01148,MBA,3,Male,Day Scholar,8.78,0
S01149,EEE,3,Male,Hostel,7.93,0
S01150,BCA,3,Male,Hostel,7.53,0
S01151,CSE,2,Female,Hostel,6.48,1
S01152,BBA,3,Female,Day Scholar,6.29,0
S01153,CSE,4,Male,Hostel,7.68,1
S01154,CSE,2,Female,Day Scholar,8.1,0
S01155,EEE,3,Female,Day Scholar,7.61,0
S01156,CSE,3,Female,Day Scholar,9.11,0
S01157,CSE,4,Male,Day Scholar,6.72,0
S01158,CSE,4,Male,Day Scholar,7.58,0
S01159,ECE,1,Female,Hostel,5.71,0
S01160,MBA,1,Male,Day Scholar,7.61,0
S01161,CSE,3,Male,Day Scholar,8.87,0
S01162,Mechanical,2,Male,Day Scholar,6.36,0
S01163,BBA,2,Female,Hostel,8.24,0
S01164,CSE,3,Male,Hostel,8.84,1
S01165,CSE,4,Male,Day Scholar,6.71,0
S01166,BBA,2,Female,Day Scholar,7.87,1
S01167,BBA,3,Male,Day Scholar,8.98,0
S01168,EEE,1,Male,Day Scholar,7.63,1
S01169,BBA,2,Male,Day Scholar,8.19,0
S01170,CSE,1,Male,Day Scholar,5.63,0
S01171,ECE,2,Other,Day Scholar,8.0,1
S01172,MBA,2,Male,Day Scholar,7.92,0
S01173,IT,3,Female,Hostel,6.07,0
S01174,MBA,3,Male,Hostel,6.44,1
S01175,EEE,2,Male,Day Scholar,8.0,0
S01176,MBA,1,Male,Hostel,7.1,0
S01177,ECE,1,Male,Day Scholar,8.51,1
S01178,ECE,4,Male,Hostel,7.71,0
S01179,CSE,4,Male,Day Scholar,7.46,0
S01180,CSE,2,Female,Hostel,7.23,1
S01181,MBA,1,Male,Day Scholar,7.69,0
S01182,CSE,2,Female,Day Scholar,8.2,0
S01183,CSE,3,Male,Hostel,7.93,1
S01184,CSE,2,Male,Day Scholar,6.98,0
S01185,CSE,1,Female,Day Scholar,8.64,1
S01186,BBA,2,Male,Day Scholar,8.06,0
S01187,ECE,1,Male,Day Scholar,7.79,0
S01188,Biotech,2,Male,Day Scholar,7.49,0
S01189,CSE,1,Male,Day Scholar,7.9,0
S01190,Mechanical,3,Female,Day Scholar,5.57,0
S01191,ECE,2,Male,Day Scholar,7.64,0
S01192,ECE,1,Female,Day Scholar,9.04,1
S01193,BBA,2,Male,Hostel,7.62,0
S01194,Biotech,2,Male,Day Scholar,7.48,1
S01195,BBA,3,Male,Day Scholar,6.8,1
S01196,CSE,4,Male,Day Scholar,7.89,0
S01197,IT,1,Female,Hostel,7.2,0
S01198,Mechanical,4,Female,Day Scholar,8.71,0
S01199,IT,3,Male,Day Scholar,6.54,0
S01200,MBA,3,Male,Hostel,6.95,0
S01201,Mechanical,2,Female,Day Scholar,6.8,0
S01202,EEE,2,Male,Day Scholar,9.23,0
S01203,BBA,1,Male,Hostel,7.21,0
S01204,Civil,4,Male,Day Scholar,6.85,0
S01205,CSE,3,Male,Hostel,5.31,0
S01206,CSE,2,Male,Day Scholar,6.49,1
S01207,Mechanical,2,Male,Hostel,7.93,0
S01208,EEE,1,Female,Day Scholar,7.92,0
S01209,IT,1,Male,Hostel,6.75,0
S01210,ECE,3,Female,Day Scholar,6.8,0
S01211,MBA,2,Female,Day Scholar,9.26,1
S01212,BBA,3,Male,Hostel,10.0,0
S01213,Mechanical,3,Male,Day Scholar,8.55,0
S01214,ECE,3,Male,Day Scholar,8.96,0
S01215,IT,3,Female,Day Scholar,9.17,0
S01216,EEE,1,Male,Day Scholar,9.61,0
S01217,IT,3,Female,Day Scholar,7.1,0
S01218,Mechanical,3,Female,Day Scholar,6.52,0
S01219,Civil,1,Female,Day Scholar,9.23,0
S01220,CSE,1,Male,Hostel,6.44,0
S01221,CSE,1,Female,Hostel,6.37,0
S01222,CSE,1,Female,Hostel,6.39,0
S01223,BCA,2,Female,Hostel,7.27,1
S01224,Mechanical,1,Male,Day Scholar,5.42,0
S01225,CSE,3,Female,Hostel,5.97,1
S01226,BCA,1,Male,Day Scholar,6.78,0
S01227,ECE,1,Female,Hostel,6.2,0
S01228,ECE,2,Female,Hostel,8.46,0
S01229,BCA,1,Male,Day Scholar,7.41,0
S01230,CSE,4,Female,Hostel,7.98,0
S01231,CSE,2,Male,Day Scholar,7.87,0
S01232,Mechanical,1,Female,Day Scholar,7.19,0
S01233,CSE,1,Female,Day Scholar,8.39,0
S01234,Civil,2,Female,Day Scholar,7.85,0
S01235,CSE,3,Female,Day Scholar,7.08,1
S01236,CSE,3,Male,Hostel,5.72,0
S01237,CSE,2,Male,Day Scholar,7.92,0
S01238,ECE,3,Female,Hostel,6.14,0
S01239,CSE,2,Male,Hostel,7.78,1
S01240,CSE,4,Male,Day Scholar,7.48,0
S01241,BBA,2,Male,Day Scholar,6.04,0
S01242,IT,1,Male,Day Scholar,7.66,1
S01243,ECE,3,Other,Day Scholar,7.59,0
S01244,CSE,3,Male,Day Scholar,7.59,0
S01245,IT,2,Male,Day Scholar,7.55,0
S01246,IT,4,Female,Hostel,6.75,1
S01247,Mechanical,4,Female,Hostel,7.99,0
S01248,CSE,1,Male,Day Scholar,6.71,0
S01249,BCA,3,Female,Day Scholar,6.33,0
S01250,BCA,3,Male,Hostel,8.07,0
S01251,CSE,2,Female,Hostel,8.34,0
S01252,CSE,2,Male,Hostel,8.01,0
S01253,CSE,4,Male,Day Scholar,7.19,0
S01254,Mechanical,3,Male,Hostel,5.46,0
S01255,CSE,2,Female,Hostel,8.88,1
S01256,BBA,1,Male,Hostel,5.44,0
S01257,MBA,2,Male,Hostel,7.99,1
S01258,BBA,4,Female,Day Scholar,9.51,0
S01259,EEE,3,Male,Day Scholar,7.55,1
S01260,Biotech,1,Female,Hostel,7.69,0
S01261,CSE,4,Male,Day Scholar,7.78,0
S01262,ECE,3,Male,Day Scholar,7.6,1
S01263,IT,2,Male,Day Scholar,9.75,1
S01264,BCA,1,Male,Hostel,6.56,0
S01265,Mechanical,2,Male,Hostel,6.43,1
S01266,MBA,1,Male,Day Scholar,7.07,0
S01267,CSE,2,Female,Day Scholar,9.14,1
S01268,Biotech,3,Male,Hostel,6.82,1
S01269,EEE,4,Male,Day Scholar,7.83,0
S01270,EEE,2,Female,Hostel,8.47,0
S01271,Biotech,4,Male,Hostel,8.18,0
S01272,ECE,4,Female,Hostel,8.42,0
S01273,ECE,1,Female,Day Scholar,8.82,0
S01274,Mechanical,1,Male,Hostel,7.71,0
S01275,CSE,3,Female,Hostel,6.94,1
S01276,IT,3,Female,Hostel,7.55,1
S01277,CSE,2,Male,Hostel,7.06,0
S01278,CSE,3,Female,Hostel,9.92,0
S01279,BBA,3,Male,Day Scholar,6.87,0
S01280,Mechanical,3,Female,Day Scholar,7.88,0
S01281,IT,3,Male,Day Scholar,5.9,0
S01282,ECE,1,Male,Day Scholar,7.53,0
S01283,ECE,1,Other,Day Scholar,7.11,1
S01284,Mechanical,1,Male,Hostel,8.08,1
S01285,BCA,4,Female,Hostel,8.1,1
S01286,BCA,4,Female,Day Scholar,8.82,0
S01287,ECE,3,Female,Day Scholar,8.74,0
S01288,IT,1,Female,Day Scholar,7.33,0
S01289,ECE,2,Female,Hostel,6.46,0
S01290,Mechanical,1,Other,Hostel,6.57,0
S01291,ECE,2,Female,Hostel,7.7,0
S01292,Mechanical,1,Male,Day Scholar,7.56,0
S01293,EEE,3,Female,Day Scholar,7.66,0
S01294,IT,1,Male,Hostel,6.86,0
S01295,IT,3,Male,Hostel,8.84,1
S01296,ECE,4,Male,Hostel,5.93,1
S01297,CSE,3,Male,Hostel,6.81,0
S01298,CSE,1,Male,Day Scholar,6.32,0
S01299,Civil,4,Male,Hostel,7.19,0
S01300,ECE,3,Female,Day Scholar,8.65,1
S01301,CSE,2,Female,Day Scholar,7.11,0
S01302,Mechanical,3,Female,Day Scholar,7.5,0
S01303,MBA,4,Female,Day Scholar,8.06,0
S01304,IT,2,Female,Day Scholar,7.06,1
S01305,BBA,2,Female,Day Scholar,7.78,1
S01306,BCA,2,Male,Hostel,7.65,1
S01307,Mechanical,1,Female,Hostel,6.27,1
S01308,Civil,3,Male,Hostel,6.94,0
S01309,CSE,1,Male,Day Scholar,7.75,0
S01310,BCA,2,Male,Day Scholar,8.68,1
S01311,ECE,2,Female,Hostel,8.68,0
S01312,BCA,1,Female,Day Scholar,9.5,0
S01313,Mechanical,2,Male,Day Scholar,7.89,0
S01314,CSE,3,Female,Day Scholar,6.99,0
S01315,CSE,2,Male,Hostel,7.34,1
S01316,Civil,1,Male,Hostel,7.29,0
S01317,Mechanical,4,Male,Day Scholar,6.99,1
S01318,CSE,4,Male,Hostel,7.78,0
S01319,MBA,2,Female,Day Scholar,7.83,0
S01320,BBA,2,Male,Hostel,6.23,1
S01321,EEE,1,Male,Hostel,8.49,0
S01322,ECE,1,Male,Hostel,5.56,1
S01323,CSE,2,Female,Day Scholar,7.18,0
S01324,MBA,4,Female,Hostel,8.55,0
S01325,IT,3,Female,Day Scholar,8.01,0
S01326,BBA,2,Female,Hostel,7.04,1
S01327,ECE,4,Female,Day Scholar,9.37,0
S01328,Mechanical,2,Male,Hostel,6.96,0
S01329,IT,1,Male,Hostel,5.4,0
S01330,CSE,2,Male,Day Scholar,7.85,0
S01331,MBA,1,Male,Day Scholar,5.62,1
S01332,EEE,4,Male,Day Scholar,6.57,0
S01333,EEE,2,Male,Day Scholar,8.02,0
S01334,Biotech,3,Male,Hostel,6.94,0
S01335,Biotech,2,Male,Day Scholar,7.98,1
S01336,BBA,4,Male,Hostel,6.24,1
S01337,CSE,3,Male,Day Scholar,8.26,0
S01338,Mechanical,2,Female,Day Scholar,5.71,0
S01339,BBA,1,Female,Day Scholar,8.72,0
S01340,ECE,4,Male,Day Scholar,6.92,0
S01341,CSE,2,Male,Day Scholar,8.93,0
S01342,BBA,1,Male,Day Scholar,6.56,0
S01343,EEE,4,Male,Hostel,9.32,1
S01344,Mechanical,1,Male,Day Scholar,6.44,0
S01345,Biotech,2,Male,Day Scholar,5.61,1
S01346,Mechanical,2,Female,Hostel,7.44,0
S01347,ECE,2,Female,Day Scholar,8.63,0
S01348,ECE,2,Female,Hostel,8.19,1
S01349,ECE,1,Female,Day Scholar,8.56,0
S01350,CSE,1,Female,Day Scholar,8.21,1
S01351,MBA,1,Female,Hostel,6.58,0
S01352,BBA,1,Female,Hostel,8.17,1
S01353,IT,4,Female,Day Scholar,7.49,1
S01354,IT,2,Female,Hostel,6.69,1
S01355,BBA,2,Female,Day Scholar,7.58,0
S01356,CSE,2,Female,Hostel,7.34,0
S01357,EEE,3,Male,Hostel,8.82,0
S01358,ECE,1,Male,Hostel,6.89,0
S01359,Civil,1,Male,Day Scholar,6.84,1
S01360,CSE,3,Male,Day Scholar,6.7,1
S01361,Civil,2,Male,Day Scholar,9.3,1
S01362,ECE,3,Male,Day Scholar,6.76,0
S01363,Mechanical,4,Male,Day Scholar,8.7,0
S01364,CSE,3,Female,Hostel,6.37,0
S01365,ECE,1,Male,Hostel,7.91,0
S01366,EEE,1,Male,Day Scholar,7.66,0
S01367,CSE,1,Male,Hostel,8.63,1
S01368,CSE,3,Male,Day Scholar,8.49,0
S01369,CSE,4,Female,Day Scholar,7.48,1
S01370,IT,4,Female,Day Scholar,6.86,0
S01371,CSE,1,Male,Day Scholar,9.02,0
S01372,BCA,4,Male,Day Scholar,6.76,1
S01373,ECE,2,Male,Day Scholar,5.13,1
S01374,MBA,3,Female,Day Scholar,5.54,0
S01375,Biotech,2,Female,Hostel,5.78,0
S01376,CSE,1,Female,Day Scholar,8.0,0
S01377,Mechanical,1,Male,Hostel,9.61,1
S01378,BBA,4,Female,Day Scholar,5.36,0
S01379,Mechanical,2,Female,Day Scholar,6.62,0
S01380,ECE,2,Female,Day Scholar,7.49,0
S01381,ECE,2,Male,Hostel,8.95,0
S01382,CSE,2,Male,Day Scholar,6.61,0
S01383,EEE,4,Male,Hostel,7.99,0
S01384,Biotech,1,Male,Day Scholar,7.15,1
S01385,Biotech,1,Female,Hostel,10.0,0
S01386,CSE,3,Male,Day Scholar,7.54,1
S01387,Civil,2,Male,Day Scholar,7.76,0
S01388,IT,1,Female,Day Scholar,7.48,0
S01389,BCA,1,Male,Hostel,6.99,0
S01390,CSE,1,Other,Hostel,8.35,0
S01391,BCA,1,Female,Hostel,6.24,0
S01392,BBA,1,Female,Hostel,5.4,0
S01393,CSE,1,Female,Day Scholar,7.25,1
S01394,CSE,3,Male,Day Scholar,8.22,0
S01395,BBA,4,Male,Hostel,6.82,1
S01396,CSE,4,Female,Day Scholar,7.59,1
S01397,EEE,2,Male,Hostel,6.18,1
S01398,BCA,2,Male,Hostel,8.46,0
S01399,Mechanical,4,Female,Day Scholar,8.05,0
S01400,ECE,3,Male,Hostel,7.42,0
S01401,ECE,2,Male,Day Scholar,7.57,0
S01402,CSE,1,Male,Day Scholar,6.01,0
S01403,Biotech,2,Male,Day Scholar,6.05,0
S01404,IT,2,Female,Day Scholar,7.28,1
S01405,CSE,2,Male,Day Scholar,7.91,1
S01406,IT,1,Male,Day Scholar,7.96,0
S01407,Biotech,4,Male,Day Scholar,7.04,1
S01408,CSE,2,Female,Hostel,8.15,0
S01409,BBA,3,Male,Day Scholar,8.82,1
S01410,Civil,1,Male,Day Scholar,7.31,1
S01411,BBA,3,Female,Day Scholar,7.71,0
S01412,Biotech,3,Male,Hostel,7.19,0
S01413,BBA,1,Female,Hostel,7.27,0
S01414,BCA,3,Male,Day Scholar,7.57,0
S01415,CSE,3,Male,Hostel,9.1,0
S01416,MBA,4,Male,Day Scholar,8.32,0
S01417,EEE,1,Female,Day Scholar,8.23,1
S01418,EEE,4,Male,Hostel,6.95,0
S01419,BCA,2,Male,Hostel,6.5,1
S01420,Biotech,1,Male,Day Scholar,7.79,0
S01421,Civil,1,Male,Day Scholar,8.64,1
S01422,EEE,1,Female,Day Scholar,9.12,1
S01423,ECE,1,Other,Day Scholar,4.95,0
S01424,ECE,2,Male,Day Scholar,9.85,0
S01425,ECE,3,Male,Day Scholar,7.82,0
S01426,ECE,1,Male,Hostel,8.31,0
S01427,CSE,4,Female,Day Scholar,5.66,0
S01428,CSE,1,Male,Day Scholar,7.16,0
S01429,MBA,3,Male,Hostel,8.22,0
S01430,ECE,4,Female,Day Scholar,6.23,0
S01431,BCA,4,Female,Hostel,4.51,0
S01432,Mechanical,3,Male,Day Scholar,7.74,1
S01433,CSE,3,Male,Day Scholar,7.35,0
S01434,CSE,1,Female,Hostel,8.84,0
S01435,CSE,1,Female,Day Scholar,7.24,0
S01436,Biotech,2,Male,Day Scholar,7.31,0
S01437,CSE,1,Male,Day Scholar,8.1,1
S01438,EEE,2,Male,Day Scholar,8.43,1
S01439,BCA,1,Male,Hostel,6.69,1
S01440,Biotech,4,Male,Hostel,8.34,0
S01441,IT,4,Female,Hostel,6.88,1
S01442,CSE,3,Male,Hostel,7.42,0
S01443,CSE,3,Male,Hostel,8.07,0
S01444,CSE,1,Female,Day Scholar,8.25,0
S01445,CSE,1,Male,Hostel,7.72,0
S01446,Mechanical,3,Male,Day Scholar,6.32,0
S01447,BCA,3,Female,Hostel,5.53,1
S01448,EEE,2,Male,Hostel,7.21,0
S01449,Mechanical,2,Female,Day Scholar,8.37,0
S01450,CSE,2,Male,Day Scholar,7.85,0
S01451,MBA,1,Male,Day Scholar,7.64,0
S01452,Mechanical,2,Female,Hostel,7.39,0
S01453,BBA,2,Male,Day Scholar,7.71,1
S01454,BCA,3,Male,Hostel,6.41,0
S01455,IT,4,Male,Day Scholar,8.18,0
S01456,CSE,2,Female,Day Scholar,8.25,0
S01457,IT,3,Male,Hostel,7.04,0
S01458,ECE,3,Female,Day Scholar,7.84,1
S01459,BCA,1,Female,Day Scholar,5.68,0
S01460,ECE,3,Male,Hostel,7.58,0
S01461,MBA,2,Male,Hostel,7.27,0
S01462,EEE,2,Male,Day Scholar,8.66,0
S01463,CSE,1,Female,Day Scholar,7.2,0
S01464,IT,4,Male,Hostel,8.27,0
S01465,Mechanical,4,Female,Hostel,7.01,1
S01466,Civil,1,Male,Day Scholar,5.11,1
S01467,ECE,1,Male,Hostel,7.17,1
S01468,IT,1,Female,Day Scholar,7.6,0
S01469,Civil,3,Male,Day Scholar,7.55,0
S01470,CSE,3,Male,Hostel,7.57,0
S01471,BCA,1,Female,Hostel,6.89,1
S01472,CSE,3,Female,Day Scholar,7.08,0
S01473,CSE,2,Male,Hostel,6.27,1
S01474,EEE,2,Male,Hostel,5.4,1
S01475,EEE,2,Male,Hostel,7.29,0
S01476,EEE,2,Female,Day Scholar,6.65,1
S01477,ECE,2,Male,Day Scholar,8.48,1
S01478,Biotech,1,Female,Day Scholar,5.22,1
S01479,EEE,2,Female,Hostel,7.69,0
S01480,ECE,4,Female,Day Scholar,9.52,0
S01481,ECE,2,Male,Day Scholar,7.22,0
S01482,CSE,4,Male,Hostel,7.4,1
S01483,Mechanical,2,Male,Day Scholar,7.83,0
S01484,IT,3,Male,Day Scholar,7.9,0
S01485,Mechanical,1,Male,Hostel,6.99,1
S01486,CSE,3,Female,Day Scholar,6.39,0
S01487,Biotech,1,Male,Day Scholar,8.05,1
S01488,ECE,1,Male,Day Scholar,5.49,0
S01489,BCA,1,Male,Hostel,8.23,0
S01490,ECE,1,Other,Day Scholar,7.01,0
S01491,CSE,4,Male,Day Scholar,7.4,0
S01492,BBA,4,Female,Day Scholar,6.87,0
S01493,Mechanical,3,Female,Hostel,8.83,0
S01494,MBA,1,Male,Hostel,7.65,0
S01495,ECE,4,Female,Day Scholar,7.08,0
S01496,Mechanical,3,Male,Day Scholar,7.05,0
S01497,BBA,2,Male,Hostel,7.25,1
S01498,Mechanical,2,Male,Day Scholar,9.8,0
S01499,IT,3,Male,Hostel,6.08,0
S01500,Civil,1,Female,Day Scholar,8.48,0
S01501,Civil,2,Female,Day Scholar,7.97,1
S01502,Biotech,3,Male,Hostel,8.94,1
S01503,ECE,1,Female,Day Scholar,8.03,1
S01504,ECE,2,Male,Day Scholar,7.4,0
S01505,BBA,2,Male,Day Scholar,8.42,0
S01506,EEE,3,Female,Day Scholar,7.63,0
S01507,MBA,4,Male,Day Scholar,8.15,0
S01508,ECE,4,Female,Day Scholar,8.83,0
S01509,CSE,3,Male,Hostel,7.49,0
S01510,MBA,3,Female,Day Scholar,6.98,0
S01511,CSE,3,Male,Hostel,6.76,0
S01512,CSE,2,Male,Hostel,7.85,0
S01513,Mechanical,1,Female,Hostel,6.52,1
S01514,MBA,3,Male,Day Scholar,7.05,1
S01515,BCA,3,Male,Hostel,6.43,0
S01516,IT,2,Female,Hostel,7.91,0
S01517,CSE,4,Male,Hostel,6.65,0
S01518,Biotech,3,Male,Hostel,6.11,0
S01519,CSE,2,Male,Day Scholar,6.29,0
S01520,CSE,1,Female,Hostel,6.83,0
S01521,IT,1,Female,Hostel,6.92,0
S01522,EEE,2,Female,Day Scholar,7.65,1
S01523,BCA,2,Female,Hostel,7.24,0
S01524,MBA,1,Male,Day Scholar,7.77,0
S01525,Civil,1,Male,Day Scholar,7.85,1
S01526,CSE,1,Male,Day Scholar,8.14,1
S01527,IT,3,Female,Hostel,5.49,0
S01528,ECE,3,Male,Day Scholar,6.27,0
S01529,CSE,2,Female,Day Scholar,7.95,0
S01530,IT,1,Female,Day Scholar,7.61,0
S01531,IT,1,Female,Hostel,8.38,1
S01532,CSE,1,Male,Day Scholar,5.86,0
S01533,EEE,2,Male,Day Scholar,6.92,0
S01534,Civil,1,Female,Day Scholar,7.1,0
S01535,CSE,2,Female,Day Scholar,7.57,0
S01536,EEE,4,Male,Day Scholar,7.44,1
S01537,MBA,2,Female,Day Scholar,7.87,0
S01538,MBA,3,Female,Hostel,7.29,0
S01539,BBA,1,Male,Hostel,8.77,0
S01540,ECE,1,Female,Day Scholar,9.09,0
S01541,BBA,4,Male,Hostel,6.28,0
S01542,IT,2,Female,Day Scholar,7.45,1
S01543,ECE,3,Male,Day Scholar,8.2,1
S01544,CSE,4,Male,Day Scholar,7.99,0
S01545,ECE,2,Male,Hostel,6.99,0
S01546,ECE,2,Female,Day Scholar,7.65,1
S01547,IT,2,Female,Day Scholar,5.82,0
S01548,MBA,1,Male,Day Scholar,7.38,0
S01549,IT,1,Male,Day Scholar,5.94,1
S01550,IT,1,Male,Hostel,7.91,1
S01551,CSE,4,Male,Day Scholar,6.28,0
S01552,ECE,3,Female,Hostel,7.56,0
S01553,IT,1,Male,Day Scholar,7.72,0
S01554,ECE,1,Female,Hostel,7.48,0
S01555,IT,3,Female,Hostel,6.77,0
S01556,MBA,4,Male,Hostel,7.19,1
S01557,BCA,1,Male,Hostel,8.58,0
S01558,EEE,2,Other,Day Scholar,6.98,0
S01559,Mechanical,4,Female,Day Scholar,7.42,0
S01560,BBA,4,Female,Hostel,6.84,0
S01561,Biotech,4,Male,Hostel,8.42,0
S01562,Mechanical,1,Male,Day Scholar,7.48,0
S01563,BCA,1,Female,Hostel,6.64,0
S01564,BCA,2,Male,Day Scholar,7.41,0
S01565,MBA,1,Female,Hostel,7.16,0
S01566,ECE,4,Female,Day Scholar,8.79,0
S01567,CSE,1,Male,Day Scholar,7.36,0
S01568,CSE,3,Male,Hostel,6.02,0
S01569,ECE,4,Male,Day Scholar,7.9,0
S01570,EEE,4,Female,Day Scholar,9.19,1
S01571,ECE,3,Male,Day Scholar,8.6,1
S01572,Mechanical,4,Male,Day Scholar,6.3,0
S01573,EEE,1,Female,Day Scholar,7.13,0
S01574,BBA,2,Female,Day Scholar,7.37,0
S01575,CSE,1,Female,Day Scholar,7.38,1
S01576,IT,4,Female,Hostel,7.78,1
S01577,MBA,4,Male,Day Scholar,7.06,0
S01578,BBA,1,Female,Day Scholar,6.48,0
S01579,Biotech,1,Female,Hostel,8.35,0
S01580,BBA,2,Male,Hostel,6.28,0
S01581,BCA,1,Male,Hostel,6.6,1
S01582,IT,4,Male,Hostel,6.27,1
S01583,ECE,1,Female,Hostel,8.01,1
S01584,IT,3,Female,Hostel,7.51,0
S01585,Mechanical,2,Male,Hostel,8.28,1
S01586,BCA,2,Female,Day Scholar,6.61,1
S01587,IT,1,Male,Hostel,6.15,0
S01588,EEE,4,Female,Hostel,6.96,0
S01589,IT,3,Female,Hostel,7.22,1
S01590,CSE,2,Male,Hostel,7.61,1
S01591,CSE,2,Male,Hostel,5.72,1
S01592,CSE,4,Female,Day Scholar,7.88,0
S01593,BCA,3,Female,Hostel,6.51,0
S01594,ECE,3,Male,Hostel,6.75,0
S01595,BBA,3,Female,Day Scholar,8.57,0
S01596,Civil,4,Male,Day Scholar,5.22,0
S01597,CSE,1,Male,Day Scholar,7.72,0
S01598,CSE,3,Female,Hostel,7.72,1
S01599,BBA,2,Male,Day Scholar,6.58,0
S01600,IT,3,Female,Day Scholar,6.95,0
S01601,BCA,4,Female,Hostel,8.62,0
S01602,CSE,4,Male,Day Scholar,9.36,1
S01603,Civil,2,Male,Day Scholar,8.46,0
S01604,BBA,2,Male,Day Scholar,9.29,0
S01605,IT,4,Male,Hostel,6.71,0
S01606,IT,4,Female,Day Scholar,5.82,1
S01607,Biotech,3,Male,Day Scholar,7.35,0
S01608,IT,1,Female,Day Scholar,8.2,0
S01609,ECE,2,Male,Hostel,5.55,0
S01610,ECE,4,Male,Hostel,6.47,0
S01611,IT,3,Female,Hostel,6.58,0
S01612,MBA,3,Male,Day Scholar,7.76,0
S01613,MBA,3,Female,Day Scholar,7.63,1
S01614,ECE,2,Female,Hostel,6.62,1
S01615,BBA,2,Female,Hostel,7.58,0
S01616,CSE,3,Male,Hostel,6.26,0
S01617,CSE,1,Male,Day Scholar,6.97,0
S01618,Mechanical,3,Other,Hostel,6.14,1
S01619,Biotech,3,Male,Hostel,7.25,0
S01620,CSE,4,Female,Day Scholar,6.6,0
S01621,CSE,2,Female,Day Scholar,8.09,0
S01622,EEE,3,Female,Day Scholar,7.37,0
S01623,MBA,1,Female,Day Scholar,7.17,0
S01624,CSE,1,Other,Hostel,9.17,1
S01625,ECE,2,Male,Hostel,7.78,0
S01626,MBA,1,Female,Hostel,7.03,0
S01627,ECE,4,Female,Day Scholar,6.82,0
S01628,CSE,4,Male,Day Scholar,6.22,0
S01629,CSE,1,Female,Hostel,7.33,0
S01630,ECE,4,Male,Day Scholar,7.71,0
S01631,ECE,2,Male,Day Scholar,5.49,0
S01632,BBA,3,Female,Day Scholar,6.04,0
S01633,Mechanical,4,Female,Day Scholar,6.88,1
S01634,Civil,2,Male,Hostel,6.3,1
S01635,Biotech,1,Female,Day Scholar,7.44,0
S01636,ECE,1,Male,Day Scholar,7.58,0
S01637,ECE,2,Male,Day Scholar,7.28,0
S01638,BCA,4,Male,Day Scholar,7.95,1
S01639,IT,2,Female,Hostel,6.82,0
S01640,Civil,2,Male,Day Scholar,7.35,1
S01641,MBA,1,Male,Hostel,6.4,1
S01642,CSE,4,Female,Hostel,7.68,0
S01643,ECE,2,Male,Hostel,7.48,0
S01644,CSE,3,Male,Hostel,6.2,0
S01645,CSE,3,Male,Hostel,7.24,0
S01646,ECE,1,Female,Day Scholar,7.36,0
S01647,IT,1,Female,Day Scholar,7.68,0
S01648,MBA,2,Female,Hostel,7.72,0
S01649,BCA,2,Male,Hostel,6.68,0
S01650,MBA,3,Male,Hostel,8.16,0
S01651,IT,3,Female,Hostel,7.92,1
S01652,IT,1,Male,Hostel,6.68,0
S01653,IT,2,Male,Day Scholar,6.26,1
S01654,CSE,1,Male,Day Scholar,6.75,1
S01655,BCA,1,Male,Day Scholar,5.93,0
S01656,ECE,3,Male,Day Scholar,7.61,0
S01657,IT,3,Female,Day Scholar,8.58,0
S01658,BBA,3,Male,Hostel,8.82,0
S01659,ECE,1,Female,Hostel,6.31,0
S01660,CSE,2,Male,Hostel,8.19,0
S01661,CSE,2,Female,Hostel,7.48,1
S01662,Mechanical,4,Female,Day Scholar,5.0,1
S01663,MBA,3,Female,Day Scholar,7.07,0
S01664,CSE,4,Male,Day Scholar,6.96,0
S01665,BCA,1,Female,Hostel,8.61,0
S01666,BBA,2,Male,Hostel,6.53,0
S01667,BBA,3,Female,Day Scholar,7.96,0
S01668,IT,2,Female,Hostel,7.29,0
S01669,CSE,3,Female,Day Scholar,5.95,1
S01670,BBA,2,Female,Hostel,6.85,1
S01671,IT,4,Female,Hostel,8.93,1
S01672,Mechanical,1,Female,Hostel,7.23,0
S01673,MBA,4,Male,Day Scholar,8.31,1
S01674,CSE,2,Male,Hostel,8.25,0
S01675,MBA,2,Female,Day Scholar,6.95,0
S01676,BCA,2,Other,Hostel,6.12,0
S01677,Civil,1,Male,Day Scholar,6.25,1
S01678,ECE,4,Male,Day Scholar,8.85,0
S01679,BBA,4,Male,Day Scholar,7.55,1
S01680,EEE,4,Male,Hostel,5.67,0
S01681,MBA,4,Male,Hostel,8.23,0
S01682,BBA,3,Male,Day Scholar,5.61,0
S01683,MBA,2,Male,Day Scholar,6.57,0
S01684,IT,4,Female,Hostel,7.48,1
S01685,CSE,1,Male,Hostel,9.92,0
S01686,IT,4,Male,Hostel,8.22,1
S01687,EEE,2,Male,Day Scholar,6.92,0
S01688,EEE,3,Male,Hostel,7.43,0
S01689,Mechanical,2,Male,Hostel,8.32,0
S01690,ECE,2,Male,Hostel,8.82,0
S01691,MBA,1,Male,Day Scholar,7.15,0
S01692,BCA,2,Female,Day Scholar,7.18,0
S01693,IT,2,Male,Day Scholar,6.57,0
S01694,MBA,1,Male,Day Scholar,8.07,1
S01695,Civil,1,Male,Day Scholar,8.43,0
S01696,EEE,3,Male,Hostel,5.46,1
S01697,CSE,2,Male,Day Scholar,7.0,0
S01698,MBA,4,Male,Hostel,6.19,0
S01699,Biotech,1,Male,Hostel,7.55,0
S01700,Civil,2,Male,Day Scholar,6.16,0
S01701,BCA,1,Female,Hostel,6.08,0
S01702,Biotech,2,Male,Day Scholar,8.52,0
S01703,IT,2,Male,Day Scholar,7.23,0
S01704,Mechanical,3,Male,Hostel,7.34,0
S01705,ECE,2,Male,Hostel,7.83,1
S01706,Biotech,2,Female,Day Scholar,8.37,0
S01707,CSE,1,Male,Day Scholar,6.98,0
S01708,ECE,2,Male,Day Scholar,7.0,1
S01709,BBA,2,Female,Hostel,7.01,0
S01710,IT,3,Male,Day Scholar,8.48,0
S01711,MBA,2,Male,Hostel,7.33,0
S01712,ECE,3,Female,Hostel,7.11,0
S01713,Biotech,2,Female,Day Scholar,7.79,0
S01714,BCA,1,Male,Hostel,9.23,0
S01715,IT,1,Female,Hostel,7.47,0
S01716,MBA,1,Male,Hostel,7.13,0
S01717,IT,2,Female,Day Scholar,9.34,0
S01718,Mechanical,4,Male,Day Scholar,8.73,0
S01719,Mechanical,3,Female,Day Scholar,8.58,1
S01720,BBA,2,Male,Hostel,6.9,1
S01721,CSE,1,Male,Day Scholar,6.8,0
S01722,IT,4,Male,Day Scholar,5.57,1
S01723,Civil,1,Female,Hostel,8.36,0
S01724,Mechanical,2,Female,Hostel,7.48,0
S01725,EEE,4,Female,Hostel,5.6,1
S01726,CSE,2,Other,Day Scholar,8.6,1
S01727,IT,1,Male,Day Scholar,7.06,0
S01728,BBA,1,Female,Hostel,7.19,0
S01729,CSE,3,Male,Hostel,5.89,0
S01730,ECE,1,Female,Day Scholar,7.89,1
S01731,BCA,3,Female,Day Scholar,7.9,1
S01732,CSE,2,Male,Hostel,7.35,1
S01733,MBA,2,Male,Hostel,6.98,0
S01734,IT,1,Female,Day Scholar,10.0,0
S01735,BBA,3,Female,Day Scholar,6.2,0
S01736,MBA,2,Female,Day Scholar,6.68,1
S01737,BCA,3,Male,Day Scholar,8.11,1
S01738,CSE,2,Male,Day Scholar,6.39,0
S01739,EEE,1,Female,Hostel,6.31,1
S01740,MBA,2,Female,Hostel,8.53,0
S01741,IT,2,Female,Hostel,8.01,0
S01742,IT,2,Female,Day Scholar,7.88,0
S01743,CSE,3,Female,Hostel,7.58,0
S01744,Biotech,4,Female,Hostel,6.71,0
S01745,Civil,3,Female,Hostel,7.15,0
S01746,Mechanical,3,Female,Day Scholar,7.32,0
S01747,MBA,2,Female,Day Scholar,8.25,0
S01748,EEE,3,Male,Hostel,7.83,1
S01749,ECE,1,Male,Hostel,6.47,0
S01750,ECE,3,Female,Day Scholar,8.19,1
S01751,Mechanical,4,Female,Hostel,5.72,0
S01752,CSE,1,Male,Day Scholar,7.08,0
S01753,BCA,4,Female,Hostel,6.26,1
S01754,BBA,4,Male,Day Scholar,6.54,0
S01755,IT,2,Male,Hostel,9.33,0
S01756,Mechanical,4,Female,Day Scholar,5.93,1
S01757,CSE,1,Female,Hostel,6.58,1
S01758,Biotech,1,Male,Hostel,7.91,0
S01759,BCA,2,Male,Day Scholar,6.93,0
S01760,BCA,2,Male,Day Scholar,7.56,0
S01761,IT,2,Male,Day Scholar,8.83,1
S01762,CSE,4,Male,Day Scholar,8.05,0
S01763,CSE,1,Male,Day Scholar,6.93,0
S01764,CSE,1,Male,Day Scholar,7.27,1
S01765,CSE,3,Female,Hostel,7.93,1
S01766,CSE,1,Female,Day Scholar,8.03,0
S01767,Biotech,3,Female,Hostel,7.42,1
S01768,CSE,2,Male,Hostel,7.76,0
S01769,CSE,4,Male,Day Scholar,7.76,0
S01770,BBA,3,Male,Hostel,7.31,0
S01771,Mechanical,1,Female,Hostel,6.79,0
S01772,MBA,1,Male,Hostel,8.14,0
S01773,Mechanical,1,Female,Day Scholar,7.69,0
S01774,BCA,4,Male,Day Scholar,5.32,1
S01775,Mechanical,3,Female,Hostel,6.57,0
S01776,EEE,2,Male,Hostel,6.92,0
S01777,Civil,1,Male,Hostel,7.2,1
S01778,ECE,4,Female,Hostel,8.6,0
S01779,IT,1,Male,Hostel,10.0,1
S01780,ECE,3,Female,Hostel,4.94,1
S01781,CSE,3,Male,Day Scholar,7.7,1
S01782,MBA,1,Female,Day Scholar,7.47,0
S01783,IT,2,Female,Hostel,7.22,1
S01784,CSE,1,Male,Hostel,7.94,1
S01785,IT,2,Female,Hostel,7.55,1
S01786,BBA,4,Female,Hostel,7.04,0
S01787,IT,3,Female,Hostel,7.43,0
S01788,Civil,4,Male,Day Scholar,7.96,0
S01789,BBA,2,Male,Day Scholar,7.86,1
S01790,CSE,1,Female,Day Scholar,7.59,0
S01791,MBA,3,Male,Hostel,6.82,0
S01792,IT,2,Female,Day Scholar,10.0,0
S01793,CSE,1,Male,Day Scholar,7.76,0
S01794,Civil,2,Female,Hostel,8.16,1
S01795,BCA,3,Male,Day Scholar,6.89,0
S01796,IT,3,Female,Hostel,7.59,0
S01797,Mechanical,1,Male,Day Scholar,7.58,0
S01798,IT,4,Male,Hostel,5.49,1
S01799,EEE,2,Male,Day Scholar,6.68,1
S01800,Mechanical,1,Female,Hostel,6.66,0
S01801,Mechanical,1,Male,Day Scholar,6.8,0
S01802,Mechanical,3,Female,Day Scholar,6.33,0
S01803,CSE,2,Male,Day Scholar,7.44,1
S01804,Civil,2,Female,Day Scholar,8.8,0
S01805,Civil,1,Female,Hostel,7.53,1
S01806,Civil,3,Male,Day Scholar,6.22,0
S01807,CSE,3,Male,Hostel,6.37,0
S01808,ECE,2,Male,Day Scholar,7.02,0
S01809,ECE,4,Female,Hostel,5.98,1
S01810,CSE,1,Female,Day Scholar,7.7,0
S01811,IT,1,Male,Hostel,8.75,0
S01812,ECE,3,Female,Day Scholar,6.82,0
S01813,MBA,3,Female,Day Scholar,7.48,0
S01814,IT,1,Female,Hostel,6.97,0
S01815,BBA,2,Male,Day Scholar,6.77,0
S01816,EEE,2,Female,Hostel,7.59,0
S01817,MBA,2,Male,Hostel,6.74,0
S01818,ECE,3,Female,Hostel,6.59,0
S01819,EEE,4,Male,Day Scholar,5.78,1
S01820,Mechanical,2,Female,Day Scholar,7.46,1
S01821,BCA,3,Other,Day Scholar,8.47,1
S01822,EEE,2,Female,Hostel,8.11,1
S01823,EEE,2,Male,Hostel,8.89,1
S01824,Mechanical,1,Female,Day Scholar,6.73,0
S01825,MBA,4,Male,Hostel,8.25,1
S01826,CSE,1,Female,Day Scholar,6.3,0
S01827,EEE,3,Male,Day Scholar,8.11,0
S01828,EEE,1,Female,Hostel,9.04,1
S01829,BCA,3,Male,Hostel,7.9,0
S01830,EEE,1,Male,Day Scholar,9.06,1
S01831,ECE,4,Male,Day Scholar,6.8,1
S01832,Biotech,3,Male,Day Scholar,7.27,1
S01833,ECE,1,Male,Day Scholar,6.48,0
S01834,CSE,3,Female,Hostel,7.43,0
S01835,CSE,3,Female,Day Scholar,7.67,1
S01836,CSE,2,Female,Day Scholar,7.43,0
S01837,CSE,1,Female,Day Scholar,6.93,1
S01838,ECE,3,Male,Day Scholar,6.91,0
S01839,MBA,3,Male,Day Scholar,7.75,0
S01840,MBA,2,Male,Hostel,7.24,1
S01841,CSE,4,Male,Hostel,6.25,0
S01842,Mechanical,1,Female,Day Scholar,5.5,0
S01843,CSE,1,Female,Day Scholar,6.8,0
S01844,BCA,3,Female,Day Scholar,6.02,0
S01845,CSE,1,Female,Day Scholar,6.56,0
S01846,Mechanical,1,Male,Hostel,6.98,1
S01847,IT,2,Female,Day Scholar,7.25,0
S01848,Mechanical,1,Male,Day Scholar,6.73,1
S01849,ECE,1,Female,Day Scholar,9.59,1
S01850,MBA,3,Male,Day Scholar,6.14,0
S01851,IT,2,Male,Day Scholar,8.61,0
S01852,BCA,4,Male,Day Scholar,7.24,1
S01853,EEE,3,Male,Hostel,6.74,1
S01854,MBA,2,Male,Day Scholar,7.99,1
S01855,BBA,1,Male,Hostel,6.95,0
S01856,Biotech,3,Female,Hostel,6.59,0
S01857,IT,1,Female,Day Scholar,9.19,0
S01858,IT,1,Male,Day Scholar,5.21,0
S01859,IT,4,Male,Day Scholar,7.16,0
S01860,IT,3,Female,Hostel,7.59,1
S01861,Mechanical,3,Male,Hostel,8.81,0
S01862,Biotech,1,Female,Day Scholar,7.0,1
S01863,Biotech,1,Male,Day Scholar,10.0,1
S01864,EEE,2,Male,Day Scholar,8.16,1
S01865,Mechanical,3,Male,Day Scholar,5.03,0
S01866,BBA,2,Male,Day Scholar,5.95,1
S01867,BCA,1,Female,Day Scholar,7.64,0
S01868,CSE,1,Female,Hostel,6.26,0
S01869,EEE,3,Male,Day Scholar,7.95,0
S01870,BBA,3,Female,Day Scholar,6.95,1
S01871,IT,1,Male,Hostel,6.2,0
S01872,ECE,1,Male,Day Scholar,6.44,0
S01873,Biotech,1,Female,Day Scholar,8.25,0
S01874,Biotech,1,Female,Hostel,5.38,0
S01875,BCA,2,Male,Hostel,8.45,0
S01876,MBA,1,Male,Day Scholar,8.47,0
S01877,IT,3,Male,Day Scholar,7.07,0
S01878,IT,3,Male,Day Scholar,6.0,1
S01879,EEE,4,Female,Hostel,7.96,0
S01880,Mechanical,4,Male,Day Scholar,6.91,0
S01881,EEE,1,Female,Hostel,5.88,0
S01882,Mechanical,1,Male,Hostel,9.31,1
S01883,ECE,2,Male,Hostel,6.52,1
S01884,MBA,3,Male,Day Scholar,5.93,0
S01885,IT,1,Male,Hostel,7.69,1
S01886,IT,2,Female,Hostel,7.33,0
S01887,CSE,1,Other,Hostel,8.89,0
S01888,CSE,1,Female,Day Scholar,7.02,1
S01889,BBA,3,Female,Hostel,7.03,1
S01890,ECE,3,Male,Hostel,7.74,1
S01891,IT,2,Female,Day Scholar,7.6,1
S01892,MBA,4,Female,Day Scholar,7.63,0
S01893,EEE,1,Female,Day Scholar,7.67,1
S01894,CSE,1,Male,Day Scholar,7.56,0
S01895,IT,2,Male,Day Scholar,6.98,1
S01896,CSE,3,Female,Day Scholar,8.23,0
S01897,Mechanical,3,Male,Day Scholar,7.04,0
S01898,IT,1,Male,Day Scholar,8.2,0
S01899,CSE,4,Male,Hostel,8.79,0
S01900,CSE,2,Female,Hostel,6.72,1
S01901,Mechanical,2,Male,Hostel,9.8,0
S01902,CSE,3,Female,Hostel,6.69,0
S01903,BBA,4,Female,Day Scholar,6.69,1
S01904,CSE,3,Male,Hostel,7.94,0
S01905,Mechanical,4,Male,Day Scholar,7.84,1
S01906,ECE,1,Female,Day Scholar,7.47,0
S01907,ECE,3,Male,Day Scholar,8.22,0
S01908,CSE,3,Male,Hostel,7.65,0
S01909,MBA,2,Male,Day Scholar,9.47,0
S01910,BCA,2,Male,Hostel,7.35,1
S01911,CSE,4,Female,Hostel,6.55,0
S01912,CSE,1,Male,Hostel,6.85,0
S01913,BCA,2,Female,Hostel,7.87,1
S01914,EEE,4,Male,Day Scholar,7.89,1
S01915,CSE,4,Other,Hostel,7.61,0
S01916,CSE,4,Female,Day Scholar,6.55,0
S01917,Mechanical,4,Male,Hostel,8.51,0
S01918,Civil,1,Female,Day Scholar,9.34,0
S01919,Mechanical,4,Male,Hostel,7.43,1
S01920,Biotech,2,Female,Day Scholar,9.21,0
S01921,EEE,3,Female,Hostel,8.27,1
S01922,IT,2,Male,Day Scholar,9.62,0
S01923,ECE,3,Male,Day Scholar,7.87,0
S01924,IT,2,Other,Day Scholar,7.54,0
S01925,IT,4,Female,Hostel,8.24,1
S01926,CSE,1,Male,Day Scholar,6.97,0
S01927,IT,1,Male,Day Scholar,7.81,0
S01928,Civil,2,Male,Day Scholar,8.73,0
S01929,CSE,1,Female,Day Scholar,8.22,0
S01930,ECE,3,Female,Day Scholar,7.37,0
S01931,Mechanical,1,Female,Day Scholar,7.6,0
S01932,Mechanical,2,Female,Day Scholar,8.16,1
S01933,MBA,1,Female,Hostel,8.12,1
S01934,BBA,1,Male,Hostel,8.15,0
S01935,Civil,3,Female,Day Scholar,7.74,0
S01936,CSE,2,Male,Day Scholar,6.58,0
S01937,ECE,1,Female,Hostel,6.73,0
S01938,Mechanical,1,Male,Hostel,7.86,0
S01939,IT,1,Female,Hostel,8.23,0
S01940,CSE,3,Female,Hostel,8.1,0
S01941,IT,1,Female,Day Scholar,6.72,1
S01942,ECE,2,Male,Day Scholar,7.25,0
S01943,ECE,3,Female,Hostel,6.23,1
S01944,CSE,2,Male,Hostel,6.01,0
S01945,BBA,3,Male,Hostel,7.48,0
S01946,BCA,1,Female,Day Scholar,8.76,0
S01947,CSE,4,Female,Day Scholar,7.5,1
S01948,BCA,2,Male,Hostel,9.31,0
S01949,CSE,1,Female,Hostel,7.24,0
S01950,BCA,4,Male,Day Scholar,7.43,1
S01951,Biotech,3,Female,Day Scholar,6.41,0
S01952,CSE,3,Female,Day Scholar,7.05,0
S01953,MBA,4,Female,Day Scholar,6.21,0
S01954,Biotech,1,Female,Day Scholar,5.85,0
S01955,BCA,4,Female,Day Scholar,6.23,1
S01956,Biotech,3,Female,Day Scholar,7.49,0
S01957,EEE,2,Male,Hostel,6.66,1
S01958,CSE,1,Male,Hostel,6.9,1
S01959,BBA,1,Female,Hostel,7.81,0
S01960,Mechanical,4,Male,Day Scholar,5.85,1
S01961,Mechanical,1,Female,Day Scholar,7.48,0
S01962,ECE,1,Male,Hostel,8.25,1
S01963,Mechanical,3,Female,Day Scholar,8.33,1
S01964,CSE,3,Male,Day Scholar,7.92,1
S01965,MBA,1,Female,Hostel,7.35,1
S01966,CSE,3,Female,Day Scholar,6.78,0
S01967,Civil,2,Male,Day Scholar,7.32,0
S01968,BBA,4,Female,Hostel,9.05,0
S01969,ECE,1,Male,Day Scholar,7.67,1
S01970,EEE,1,Female,Hostel,7.29,1
S01971,IT,3,Female,Day Scholar,7.96,0
S01972,Biotech,1,Male,Day Scholar,7.45,0
S01973,MBA,2,Male,Day Scholar,7.63,0
S01974,ECE,1,Male,Day Scholar,7.15,0
S01975,CSE,3,Male,Hostel,6.99,1
S01976,CSE,4,Female,Hostel,8.4,0
S01977,ECE,4,Male,Day Scholar,5.45,0
S01978,BCA,4,Female,Hostel,7.88,0
S01979,MBA,4,Female,Day Scholar,6.92,1
S01980,CSE,2,Female,Hostel,5.49,0
S01981,BBA,2,Female,Hostel,6.43,1
S01982,ECE,4,Male,Day Scholar,7.36,0
S01983,BBA,4,Female,Day Scholar,7.5,0
S01984,IT,4,Female,Day Scholar,8.14,1
S01985,Mechanical,3,Female,Day Scholar,8.21,0
S01986,BCA,1,Male,Hostel,5.85,0
S01987,IT,4,Male,Day Scholar,7.78,1
S01988,Civil,4,Other,Day Scholar,8.13,0
S01989,Biotech,3,Female,Day Scholar,7.62,0
S01990,CSE,4,Male,Hostel,7.9,1
S01991,CSE,2,Female,Day Scholar,5.47,0
S01992,Civil,4,Male,Hostel,6.41,0
S01993,IT,1,Female,Day Scholar,8.77,0
S01994,CSE,4,Male,Hostel,7.12,0
S01995,ECE,1,Male,Day Scholar,9.62,0
S01996,MBA,2,Male,Day Scholar,6.12,0
S01997,IT,1,Male,Day Scholar,8.96,0
S01998,IT,2,Male,Day Scholar,6.79,0
S01999,BBA,1,Male,Day Scholar,8.26,0
S02000,EEE,4,Male,Hostel,7.1,0
S02001,BBA,2,Female,Day Scholar,7.52,1
S02002,ECE,4,Female,Day Scholar,8.0,0
S02003,Biotech,1,Female,Hostel,6.79,1
S02004,Mechanical,1,Male,Hostel,8.2,0
S02005,CSE,3,Male,Day Scholar,7.13,0
S02006,BCA,3,Female,Hostel,7.58,0
S02007,EEE,2,Female,Day Scholar,4.75,1
S02008,CSE,3,Female,Day Scholar,7.06,0
S02009,CSE,4,Female,Day Scholar,8.66,0
S02010,Civil,3,Female,Hostel,8.09,0
S02011,CSE,4,Female,Hostel,8.29,0
S02012,IT,3,Male,Day Scholar,7.45,0
S02013,CSE,3,Female,Hostel,9.08,0
S02014,ECE,2,Female,Day Scholar,7.69,0
S02015,ECE,1,Female,Hostel,6.74,0
S02016,EEE,1,Male,Hostel,8.26,1
S02017,IT,3,Male,Day Scholar,8.32,0
S02018,CSE,3,Male,Hostel,8.03,0
S02019,Mechanical,2,Male,Day Scholar,7.0,0
S02020,ECE,3,Female,Day Scholar,7.68,0
S02021,Mechanical,1,Female,Day Scholar,8.79,0
S02022,CSE,1,Male,Day Scholar,7.88,0
S02023,CSE,4,Female,Hostel,5.92,1
S02024,IT,2,Male,Hostel,6.77,0
S02025,ECE,1,Female,Day Scholar,6.72,1
S02026,ECE,2,Male,Hostel,6.65,1
S02027,BBA,2,Male,Hostel,5.29,0
S02028,ECE,3,Female,Hostel,9.29,1
S02029,EEE,4,Female,Day Scholar,6.52,0
S02030,Mechanical,3,Female,Hostel,6.6,1
S02031,CSE,3,Male,Hostel,5.46,0
S02032,EEE,2,Female,Day Scholar,8.27,0
S02033,IT,2,Male,Day Scholar,7.31,1
S02034,ECE,2,Male,Hostel,7.05,0
S02035,CSE,1,Female,Day Scholar,7.1,1
S02036,MBA,4,Female,Day Scholar,7.99,0
S02037,BCA,2,Female,Hostel,6.92,0
S02038,CSE,2,Male,Hostel,5.41,0
S02039,Mechanical,1,Female,Hostel,6.11,0
S02040,MBA,4,Male,Hostel,6.06,0
S02041,IT,1,Female,Day Scholar,7.68,0
S02042,MBA,2,Female,Hostel,8.33,0
S02043,Mechanical,4,Female,Day Scholar,8.87,0
S02044,BCA,2,Female,Hostel,5.77,0
S02045,Biotech,4,Female,Hostel,8.02,0
S02046,CSE,1,Male,Day Scholar,6.78,0
S02047,ECE,3,Other,Day Scholar,10.0,0
S02048,EEE,4,Female,Hostel,8.78,0
S02049,CSE,2,Male,Hostel,9.1,0
S02050,IT,3,Male,Day Scholar,8.2,0
S02051,Biotech,2,Male,Hostel,7.78,0
S02052,CSE,3,Female,Day Scholar,7.0,1
S02053,ECE,4,Female,Day Scholar,6.8,0
S02054,BBA,3,Female,Hostel,6.6,1
S02055,IT,4,Male,Day Scholar,8.02,1
S02056,ECE,3,Male,Hostel,8.96,0
S02057,Biotech,2,Male,Day Scholar,7.04,1
S02058,ECE,2,Male,Day Scholar,6.68,0
S02059,CSE,3,Male,Day Scholar,5.92,0
S02060,CSE,4,Male,Day Scholar,7.64,0
S02061,BCA,3,Male,Day Scholar,8.63,0
S02062,IT,1,Male,Hostel,8.68,0
S02063,EEE,2,Female,Hostel,8.78,1
S02064,CSE,3,Male,Hostel,7.82,0
S02065,ECE,4,Male,Day Scholar,7.49,0
S02066,BCA,1,Female,Day Scholar,8.68,1
S02067,EEE,1,Female,Day Scholar,6.29,0
S02068,Biotech,2,Female,Day Scholar,6.96,0
S02069,IT,1,Female,Hostel,9.11,1
S02070,EEE,4,Female,Hostel,6.33,0
S02071,BBA,2,Female,Hostel,7.37,0
S02072,ECE,2,Female,Day Scholar,8.03,0
S02073,IT,1,Male,Hostel,7.48,0
S02074,BBA,2,Female,Hostel,8.55,0
S02075,ECE,4,Male,Hostel,8.93,1
S02076,EEE,2,Male,Day Scholar,7.88,1
S02077,Biotech,1,Male,Hostel,8.79,0
S02078,CSE,1,Male,Day Scholar,6.47,1
S02079,IT,4,Male,Hostel,7.24,0
S02080,CSE,4,Female,Hostel,9.81,0
S02081,ECE,1,Male,Day Scholar,9.34,0
S02082,CSE,3,Male,Day Scholar,6.12,1
S02083,Civil,1,Male,Day Scholar,7.39,0
S02084,CSE,2,Male,Hostel,7.54,1
S02085,Civil,1,Female,Day Scholar,7.82,0
S02086,IT,3,Male,Day Scholar,8.67,0
S02087,IT,4,Male,Day Scholar,9.24,1
S02088,IT,1,Male,Hostel,7.44,0
S02089,Civil,2,Male,Hostel,8.52,0
S02090,ECE,1,Male,Hostel,8.05,0
S02091,ECE,2,Male,Day Scholar,7.38,0
S02092,BBA,1,Female,Day Scholar,5.7,0
S02093,Mechanical,1,Female,Day Scholar,8.42,0
S02094,CSE,4,Female,Hostel,8.01,0
S02095,BCA,1,Male,Hostel,7.79,1
S02096,IT,4,Male,Hostel,6.42,0
S02097,CSE,1,Female,Day Scholar,9.36,0
S02098,EEE,2,Male,Hostel,7.55,0
S02099,CSE,2,Female,Hostel,6.26,0
S02100,IT,4,Male,Hostel,6.1,0
S02101,MBA,1,Male,Hostel,8.08,0
S02102,CSE,1,Male,Day Scholar,8.11,0
S02103,MBA,3,Female,Hostel,6.94,0
S02104,BCA,3,Other,Day Scholar,7.86,0
S02105,Mechanical,3,Female,Day Scholar,8.07,0
S02106,Civil,1,Male,Day Scholar,7.54,0
S02107,Civil,1,Female,Day Scholar,6.7,1
S02108,Biotech,4,Male,Day Scholar,8.36,0
S02109,IT,3,Male,Day Scholar,8.24,0
S02110,CSE,3,Female,Hostel,7.97,0
S02111,EEE,1,Female,Day Scholar,6.57,0
S02112,EEE,1,Male,Hostel,6.07,0
S02113,CSE,4,Male,Hostel,7.48,0
S02114,Mechanical,3,Male,Hostel,8.33,0
S02115,CSE,1,Male,Day Scholar,8.44,0
S02116,BCA,4,Male,Hostel,7.98,0
S02117,IT,3,Female,Hostel,6.95,0
S02118,CSE,2,Male,Hostel,6.6,0
S02119,CSE,2,Female,Hostel,7.38,1
S02120,IT,3,Male,Hostel,7.39,1
S02121,IT,2,Male,Day Scholar,8.51,0
S02122,CSE,2,Male,Hostel,6.92,1
S02123,IT,3,Male,Day Scholar,7.0,0
S02124,CSE,1,Female,Day Scholar,9.45,1
S02125,ECE,4,Female,Day Scholar,8.95,1
S02126,ECE,2,Female,Day Scholar,6.52,0
S02127,IT,2,Male,Hostel,8.87,0
S02128,IT,3,Female,Day Scholar,6.28,0
S02129,CSE,3,Female,Hostel,6.97,0
S02130,CSE,2,Male,Hostel,7.08,0
S02131,CSE,3,Female,Hostel,7.32,0
S02132,MBA,4,Female,Day Scholar,8.02,0
S02133,Biotech,3,Female,Day Scholar,7.51,0
S02134,BCA,3,Female,Hostel,8.01,0
S02135,EEE,1,Female,Day Scholar,7.0,0
S02136,EEE,2,Male,Hostel,7.77,0
S02137,IT,2,Female,Hostel,7.48,1
S02138,MBA,1,Female,Hostel,6.01,0
S02139,MBA,3,Male,Day Scholar,7.88,0
S02140,BBA,2,Female,Day Scholar,7.5,0
S02141,BCA,1,Male,Hostel,6.69,1
S02142,ECE,1,Male,Hostel,6.98,0
S02143,MBA,1,Female,Day Scholar,7.0,0
S02144,MBA,2,Female,Day Scholar,7.16,1
S02145,IT,3,Female,Hostel,9.16,0
S02146,BCA,3,Female,Day Scholar,9.49,0
S02147,CSE,1,Male,Day Scholar,4.67,0
S02148,Biotech,1,Female,Day Scholar,7.89,1
S02149,MBA,3,Female,Hostel,8.35,1
S02150,CSE,1,Female,Day Scholar,7.18,0
S02151,Mechanical,2,Male,Day Scholar,8.33,0
S02152,CSE,2,Male,Hostel,9.05,1
S02153,MBA,2,Female,Day Scholar,6.03,0
S02154,MBA,4,Male,Day Scholar,7.53,0
S02155,Mechanical,3,Male,Day Scholar,9.36,0
S02156,BBA,4,Female,Day Scholar,6.16,0
S02157,CSE,4,Female,Hostel,7.28,1
S02158,IT,1,Female,Day Scholar,6.95,0
S02159,ECE,1,Female,Hostel,8.45,1
S02160,CSE,2,Female,Day Scholar,8.59,0
S02161,ECE,2,Male,Hostel,7.56,1
S02162,IT,2,Female,Hostel,7.43,0
S02163,ECE,1,Female,Hostel,5.68,0
S02164,ECE,1,Female,Day Scholar,8.82,0
S02165,BBA,2,Male,Day Scholar,7.05,0
S02166,IT,3,Male,Day Scholar,7.26,0
S02167,BCA,3,Female,Hostel,8.37,1
S02168,ECE,4,Female,Hostel,7.6,1
S02169,IT,1,Female,Day Scholar,8.4,0
S02170,EEE,2,Female,Hostel,8.0,0
S02171,ECE,4,Female,Day Scholar,7.6,0
S02172,IT,3,Male,Day Scholar,7.71,0
S02173,EEE,3,Female,Day Scholar,6.28,0
S02174,CSE,2,Female,Hostel,7.25,0
S02175,IT,1,Male,Day Scholar,8.48,0
S02176,Mechanical,4,Male,Day Scholar,6.5,0
S02177,ECE,3,Female,Day Scholar,6.68,0
S02178,BBA,2,Female,Day Scholar,6.52,0
S02179,IT,2,Male,Hostel,7.55,1
S02180,Biotech,2,Male,Day Scholar,8.8,0
S02181,MBA,1,Male,Hostel,7.95,1
S02182,Biotech,3,Female,Day Scholar,5.22,0
S02183,BBA,2,Female,Day Scholar,8.05,0
S02184,CSE,1,Male,Day Scholar,6.96,1
S02185,EEE,2,Female,Hostel,7.91,1
S02186,CSE,4,Male,Day Scholar,7.25,0
S02187,BBA,2,Male,Hostel,6.54,0
S02188,Mechanical,2,Male,Day Scholar,7.33,1
S02189,IT,3,Female,Day Scholar,6.96,0
S02190,BCA,3,Female,Day Scholar,7.71,1
S02191,CSE,3,Male,Hostel,6.51,0
S02192,Mechanical,4,Female,Day Scholar,6.28,0
S02193,Civil,1,Female,Day Scholar,8.13,0
S02194,CSE,4,Female,Day Scholar,8.51,0
S02195,Mechanical,4,Female,Day Scholar,7.98,0
S02196,BBA,2,Female,Day Scholar,6.75,0
S02197,CSE,3,Male,Hostel,6.66,0
S02198,EEE,1,Male,Hostel,6.72,1
S02199,IT,2,Female,Day Scholar,8.29,0
S02200,Civil,1,Female,Day Scholar,6.57,0
S02201,CSE,1,Male,Hostel,8.28,0
S02202,BCA,4,Female,Hostel,8.04,0
S02203,BCA,1,Female,Day Scholar,8.64,0
S02204,CSE,3,Female,Day Scholar,8.46,0
S02205,IT,2,Female,Day Scholar,7.94,0
S02206,Mechanical,2,Male,Day Scholar,5.93,0
S02207,Civil,2,Female,Day Scholar,8.01,0
S02208,ECE,2,Female,Day Scholar,7.52,1
S02209,CSE,3,Male,Hostel,7.03,0
S02210,CSE,4,Male,Day Scholar,8.76,0
S02211,Biotech,2,Female,Day Scholar,7.25,0
S02212,ECE,4,Male,Day Scholar,6.87,1
S02213,BBA,3,Male,Hostel,8.52,0
S02214,EEE,3,Male,Day Scholar,6.99,1
S02215,BCA,1,Male,Day Scholar,6.82,0
S02216,CSE,1,Male,Hostel,6.27,0
S02217,CSE,4,Female,Day Scholar,6.58,1
S02218,BCA,2,Female,Day Scholar,6.67,1
S02219,BCA,2,Female,Day Scholar,8.02,0
S02220,IT,3,Male,Day Scholar,6.38,0
S02221,IT,2,Male,Hostel,5.54,1
S02222,ECE,3,Male,Day Scholar,7.7,0
S02223,ECE,2,Female,Hostel,6.77,1
S02224,CSE,4,Female,Day Scholar,7.38,0
S02225,BCA,1,Male,Day Scholar,8.68,0
S02226,IT,1,Female,Day Scholar,7.47,0
S02227,Civil,3,Male,Day Scholar,8.91,0
S02228,CSE,1,Male,Day Scholar,7.33,1
S02229,CSE,4,Female,Hostel,8.41,0
S02230,Mechanical,3,Male,Hostel,6.85,0
S02231,IT,1,Female,Hostel,7.51,1
S02232,Mechanical,1,Male,Day Scholar,6.47,0
S02233,CSE,4,Female,Day Scholar,6.59,0
S02234,BCA,3,Male,Day Scholar,7.18,0
S02235,MBA,4,Male,Hostel,6.07,1
S02236,BBA,1,Male,Day Scholar,7.56,1
S02237,CSE,4,Female,Day Scholar,7.1,0
S02238,IT,2,Female,Day Scholar,7.63,0
S02239,ECE,3,Female,Day Scholar,6.09,0
S02240,EEE,2,Male,Day Scholar,8.1,0
S02241,IT,1,Male,Day Scholar,9.1,0
S02242,CSE,4,Male,Hostel,8.89,0
S02243,ECE,4,Female,Hostel,9.3,0
S02244,IT,2,Male,Day Scholar,7.44,0
S02245,ECE,4,Male,Day Scholar,7.05,1
S02246,CSE,1,Female,Hostel,7.89,0
S02247,IT,1,Female,Hostel,7.16,0
S02248,Mechanical,1,Male,Day Scholar,5.66,0
S02249,ECE,2,Male,Hostel,8.22,1
S02250,IT,1,Male,Hostel,7.17,1
S02251,EEE,2,Female,Day Scholar,5.93,1
S02252,MBA,1,Male,Day Scholar,6.89,0
S02253,ECE,3,Female,Hostel,7.19,0
S02254,Mechanical,4,Male,Hostel,7.41,0
S02255,Biotech,3,Female,Hostel,7.42,0
S02256,EEE,1,Female,Hostel,8.77,0
S02257,BCA,3,Male,Day Scholar,6.11,0
S02258,MBA,1,Male,Hostel,7.25,0
S02259,CSE,3,Male,Hostel,6.52,0
S02260,ECE,2,Female,Day Scholar,8.66,0
S02261,Civil,2,Female,Day Scholar,6.84,1
S02262,Biotech,1,Female,Hostel,7.06,0
S02263,ECE,3,Male,Hostel,8.45,0
S02264,CSE,4,Male,Day Scholar,8.72,0
S02265,Mechanical,3,Female,Day Scholar,8.87,0
S02266,CSE,4,Female,Day Scholar,5.76,0
S02267,MBA,4,Female,Hostel,7.88,0
S02268,EEE,1,Female,Day Scholar,7.67,0
S02269,Civil,3,Female,Hostel,7.35,0
S02270,BBA,2,Male,Hostel,7.47,0
S02271,Mechanical,2,Female,Day Scholar,8.69,0
S02272,Mechanical,1,Female,Day Scholar,8.44,0
S02273,MBA,4,Female,Hostel,8.3,0
S02274,BBA,3,Other,Hostel,7.61,0
S02275,BBA,1,Male,Day Scholar,9.67,0
S02276,CSE,2,Female,Hostel,7.0,0
S02277,EEE,2,Female,Hostel,5.78,0
S02278,CSE,3,Male,Hostel,7.13,0
S02279,BBA,4,Female,Hostel,7.46,0
S02280,Mechanical,2,Male,Day Scholar,8.7,0
S02281,ECE,2,Male,Hostel,6.89,1
S02282,CSE,3,Male,Day Scholar,7.89,0
S02283,IT,2,Female,Day Scholar,5.92,0
S02284,Civil,2,Female,Hostel,8.48,0
S02285,CSE,1,Male,Day Scholar,7.47,1
S02286,CSE,1,Male,Hostel,7.12,0
S02287,BCA,2,Female,Day Scholar,9.53,0
S02288,MBA,4,Male,Day Scholar,8.47,0
S02289,CSE,2,Male,Day Scholar,6.36,0
S02290,IT,1,Male,Hostel,7.29,0
S02291,Biotech,3,Female,Day Scholar,10.0,0
S02292,Civil,4,Male,Day Scholar,9.38,0
S02293,Mechanical,2,Female,Hostel,8.32,0
S02294,IT,1,Female,Hostel,5.55,1
S02295,IT,3,Male,Hostel,8.73,0
S02296,CSE,2,Female,Hostel,6.76,0
S02297,Civil,3,Male,Hostel,8.72,0
S02298,CSE,1,Male,Day Scholar,6.68,0
S02299,CSE,1,Male,Day Scholar,7.89,0
S02300,Civil,2,Female,Hostel,6.76,0
S02301,BCA,3,Female,Day Scholar,7.04,0
S02302,MBA,2,Female,Day Scholar,8.02,0
S02303,ECE,1,Female,Day Scholar,6.08,1
S02304,EEE,2,Male,Day Scholar,9.77,0
S02305,ECE,3,Female,Day Scholar,6.37,0
S02306,IT,1,Male,Day Scholar,6.32,0
S02307,EEE,3,Male,Hostel,8.03,0
S02308,ECE,3,Female,Hostel,8.69,1
S02309,Mechanical,2,Male,Day Scholar,7.08,0
S02310,BCA,4,Male,Hostel,6.33,1
S02311,Biotech,4,Male,Hostel,6.48,1
S02312,CSE,2,Male,Hostel,6.37,0
S02313,ECE,1,Female,Day Scholar,7.71,0
S02314,CSE,2,Male,Hostel,7.33,0
S02315,IT,1,Female,Day Scholar,7.83,1
S02316,IT,2,Male,Hostel,7.76,0
S02317,CSE,4,Female,Day Scholar,8.22,0
S02318,MBA,4,Female,Day Scholar,6.99,0
S02319,EEE,2,Female,Day Scholar,6.66,0
S02320,BCA,2,Male,Hostel,7.56,0
S02321,CSE,1,Female,Hostel,7.35,0
S02322,CSE,2,Female,Day Scholar,7.65,0
S02323,ECE,1,Female,Day Scholar,6.69,0
S02324,CSE,4,Male,Hostel,8.04,0
S02325,IT,4,Male,Day Scholar,6.22,0
S02326,Biotech,1,Female,Day Scholar,6.96,1
S02327,CSE,3,Male,Hostel,8.53,0
S02328,CSE,2,Male,Day Scholar,6.27,0
S02329,Mechanical,3,Female,Day Scholar,8.45,0
S02330,EEE,2,Male,Day Scholar,5.99,0
S02331,Mechanical,1,Male,Hostel,5.81,0
S02332,ECE,3,Female,Hostel,5.91,0
S02333,BBA,1,Male,Hostel,7.52,1
S02334,CSE,3,Male,Hostel,8.13,0
S02335,ECE,1,Male,Hostel,8.69,1
S02336,Civil,3,Male,Day Scholar,8.61,1
S02337,BBA,3,Male,Day Scholar,8.26,0
S02338,ECE,1,Female,Hostel,6.57,1
S02339,Mechanical,2,Male,Day Scholar,6.56,1
S02340,CSE,3,Male,Hostel,8.19,1
S02341,CSE,1,Female,Hostel,8.82,1
S02342,CSE,2,Male,Day Scholar,6.37,0
S02343,Civil,3,Male,Day Scholar,8.69,0
S02344,IT,2,Male,Hostel,5.48,0
S02345,Civil,4,Male,Day Scholar,7.79,0
S02346,CSE,2,Male,Day Scholar,7.3,1
S02347,BBA,3,Male,Day Scholar,7.2,1
S02348,BBA,1,Female,Day Scholar,7.43,0
S02349,CSE,1,Female,Hostel,6.55,1
S02350,CSE,1,Female,Hostel,7.85,0
S02351,CSE,4,Male,Day Scholar,7.46,0
S02352,BBA,4,Female,Day Scholar,8.34,0
S02353,IT,3,Female,Hostel,8.99,0
S02354,EEE,1,Male,Hostel,7.53,0
S02355,ECE,2,Female,Hostel,6.58,0
S02356,MBA,3,Female,Hostel,6.26,1
S02357,EEE,3,Male,Hostel,9.1,1
S02358,EEE,1,Female,Day Scholar,8.97,0
S02359,Biotech,4,Male,Hostel,8.29,0
S02360,CSE,1,Male,Day Scholar,7.46,0
S02361,BBA,1,Male,Hostel,8.22,1
S02362,CSE,4,Male,Hostel,8.7,1
S02363,ECE,2,Female,Day Scholar,6.78,0
S02364,BCA,2,Female,Hostel,7.43,0
S02365,Civil,2,Male,Hostel,6.29,0
S02366,Civil,4,Female,Day Scholar,7.27,0
S02367,IT,1,Female,Hostel,8.94,0
S02368,ECE,3,Female,Hostel,8.48,1
S02369,ECE,2,Female,Day Scholar,7.54,0
S02370,EEE,1,Female,Hostel,4.71,0
S02371,ECE,2,Female,Day Scholar,6.74,0
S02372,IT,2,Male,Hostel,7.5,0
S02373,IT,1,Female,Hostel,7.18,0
S02374,IT,2,Male,Day Scholar,7.43,0
S02375,ECE,3,Male,Day Scholar,7.64,0
S02376,CSE,2,Male,Hostel,6.87,0
S02377,BBA,3,Male,Day Scholar,7.39,1
S02378,Mechanical,4,Female,Day Scholar,7.25,1
S02379,CSE,2,Female,Day Scholar,6.7,0
S02380,Civil,2,Male,Day Scholar,9.25,1
S02381,BBA,2,Female,Day Scholar,6.92,0
S02382,IT,2,Male,Day Scholar,5.15,0
S02383,CSE,1,Female,Hostel,9.18,1
S02384,CSE,2,Male,Day Scholar,6.55,0
S02385,CSE,1,Male,Day Scholar,8.3,0
S02386,MBA,2,Female,Day Scholar,6.72,0
S02387,Biotech,4,Male,Day Scholar,7.97,0
S02388,CSE,3,Male,Hostel,7.35,0
S02389,MBA,2,Male,Hostel,8.4,0
S02390,CSE,2,Male,Day Scholar,7.19,1
S02391,Mechanical,3,Female,Day Scholar,6.74,0
S02392,MBA,2,Male,Day Scholar,7.66,0
S02393,IT,2,Male,Hostel,7.02,0
S02394,CSE,3,Female,Day Scholar,5.47,0
S02395,Mechanical,1,Female,Day Scholar,6.8,0
S02396,Biotech,2,Male,Day Scholar,10.0,0
S02397,IT,2,Female,Hostel,5.58,0
S02398,CSE,3,Male,Day Scholar,7.64,0
S02399,CSE,4,Male,Hostel,7.16,1
S02400,EEE,3,Female,Day Scholar,9.24,0
S02401,Mechanical,2,Male,Hostel,6.29,0
S02402,MBA,1,Male,Day Scholar,7.5,0
S02403,MBA,3,Female,Hostel,8.09,1
S02404,BCA,4,Female,Hostel,7.22,0
S02405,MBA,4,Female,Hostel,6.63,1
S02406,IT,3,Female,Day Scholar,7.38,0
S02407,EEE,1,Male,Day Scholar,7.09,0
S02408,IT,3,Female,Day Scholar,7.09,1
S02409,IT,4,Male,Day Scholar,8.33,0
S02410,BCA,3,Female,Hostel,7.8,0
S02411,Civil,3,Male,Hostel,7.95,1
S02412,Biotech,2,Male,Hostel,7.73,0
S02413,ECE,3,Male,Day Scholar,8.36,1
S02414,EEE,1,Female,Day Scholar,8.7,0
S02415,EEE,1,Male,Hostel,7.11,1
S02416,CSE,3,Female,Day Scholar,8.22,0
S02417,IT,4,Female,Day Scholar,6.1,0
S02418,EEE,4,Female,Day Scholar,5.15,0
S02419,CSE,2,Male,Hostel,9.23,0
S02420,BCA,1,Male,Day Scholar,7.07,0
S02421,CSE,1,Female,Day Scholar,7.65,0
S02422,CSE,4,Female,Day Scholar,6.17,0
S02423,MBA,3,Male,Day Scholar,6.13,0
S02424,CSE,4,Female,Hostel,6.69,1
S02425,BCA,2,Male,Day Scholar,8.04,0
S02426,Civil,2,Male,Day Scholar,6.88,0
S02427,CSE,3,Male,Day Scholar,7.06,0
S02428,Civil,1,Male,Day Scholar,6.66,0
S02429,Mechanical,4,Male,Day Scholar,8.57,0
S02430,MBA,3,Female,Hostel,8.27,0
S02431,BBA,1,Male,Hostel,6.92,0
S02432,Civil,1,Female,Day Scholar,8.08,0
S02433,Mechanical,4,Female,Day Scholar,7.15,1
S02434,IT,3,Female,Day Scholar,7.06,0
S02435,Civil,3,Male,Hostel,7.35,0
S02436,Biotech,3,Female,Day Scholar,8.04,1
S02437,Mechanical,2,Male,Day Scholar,6.51,0
S02438,Civil,3,Female,Day Scholar,7.9,0
S02439,ECE,4,Male,Hostel,9.9,0
S02440,MBA,1,Female,Hostel,7.58,0
S02441,Biotech,3,Male,Day Scholar,7.44,0
S02442,CSE,2,Female,Day Scholar,7.32,1
S02443,CSE,2,Male,Hostel,7.88,0
S02444,EEE,2,Male,Day Scholar,5.79,1
S02445,EEE,4,Female,Hostel,9.1,1
S02446,Mechanical,1,Male,Hostel,8.38,0
S02447,CSE,2,Female,Hostel,6.76,0
S02448,ECE,3,Female,Hostel,7.43,0
S02449,Mechanical,1,Female,Day Scholar,6.84,0
S02450,Mechanical,3,Female,Hostel,7.7,1
S02451,Mechanical,4,Female,Day Scholar,7.46,0
S02452,Civil,1,Female,Day Scholar,7.63,0
S02453,Mechanical,1,Male,Hostel,6.37,0
S02454,MBA,4,Female,Hostel,6.92,1
S02455,Mechanical,1,Female,Hostel,8.55,0
S02456,EEE,1,Male,Day Scholar,6.87,0
S02457,Mechanical,4,Male,Day Scholar,4.76,0
S02458,CSE,4,Male,Day Scholar,7.25,0
S02459,IT,3,Female,Day Scholar,9.81,0
S02460,EEE,2,Male,Day Scholar,8.25,0
S02461,BBA,4,Female,Day Scholar,6.82,0
S02462,Civil,3,Female,Day Scholar,7.35,0
S02463,CSE,3,Female,Day Scholar,8.08,0
S02464,Mechanical,4,Male,Hostel,5.64,1
S02465,IT,3,Female,Hostel,6.54,1
S02466,MBA,2,Female,Day Scholar,7.8,1
S02467,BBA,2,Male,Day Scholar,8.99,1
S02468,Mechanical,2,Male,Hostel,6.96,0
S02469,Mechanical,2,Male,Day Scholar,8.97,0
S02470,IT,2,Female,Hostel,6.65,1
S02471,ECE,2,Male,Day Scholar,4.5,1
S02472,BBA,3,Male,Day Scholar,8.14,1
S02473,Civil,2,Male,Hostel,7.94,0
S02474,EEE,1,Male,Day Scholar,8.14,1
S02475,ECE,1,Male,Day Scholar,8.1,1
S02476,CSE,1,Female,Day Scholar,7.59,0
S02477,CSE,3,Male,Day Scholar,7.14,0
S02478,CSE,2,Female,Day Scholar,7.18,0
S02479,ECE,1,Male,Day Scholar,6.94,0
S02480,BCA,3,Male,Day Scholar,7.0,0
S02481,EEE,1,Female,Hostel,5.59,0
S02482,IT,1,Female,Hostel,6.19,0
S02483,CSE,3,Female,Hostel,7.24,0
S02484,IT,2,Male,Hostel,5.16,0
S02485,BBA,3,Male,Day Scholar,5.39,0
S02486,ECE,4,Female,Day Scholar,7.07,0
S02487,MBA,4,Male,Day Scholar,7.27,0
S02488,MBA,1,Female,Hostel,7.09,1
S02489,CSE,3,Male,Day Scholar,5.02,0
S02490,Mechanical,3,Male,Day Scholar,8.95,0
S02491,Biotech,1,Female,Hostel,5.96,0
S02492,ECE,4,Female,Day Scholar,6.58,1
S02493,CSE,2,Female,Hostel,6.14,1
S02494,BCA,4,Female,Day Scholar,8.7,0
S02495,BCA,3,Male,Hostel,7.82,0
S02496,EEE,2,Female,Day Scholar,6.93,0
S02497,EEE,1,Other,Day Scholar,6.86,0
S02498,CSE,4,Male,Day Scholar,7.58,0
S02499,BBA,2,Male,Hostel,6.15,1
S02500,EEE,1,Female,Hostel,7.78,0
S02501,CSE,1,Male,Day Scholar,6.85,0
S02502,Civil,3,Female,Hostel,7.92,0
S02503,Biotech,1,Male,Hostel,7.89,1
S02504,BBA,3,Female,Day Scholar,6.81,0
S02505,IT,3,Female,Day Scholar,5.35,0
S02506,CSE,1,Female,Day Scholar,7.15,0
S02507,BCA,2,Female,Hostel,5.95,0
S02508,BCA,1,Male,Day Scholar,7.48,0
S02509,EEE,4,Female,Day Scholar,7.14,0
S02510,Mechanical,4,Female,Hostel,6.81,1
S02511,ECE,1,Female,Hostel,6.1,0
S02512,ECE,2,Female,Hostel,8.59,0
S02513,CSE,2,Female,Day Scholar,6.95,0
S02514,CSE,4,Female,Hostel,9.75,1
S02515,IT,2,Female,Day Scholar,7.43,0
S02516,BBA,2,Female,Hostel,7.75,0
S02517,CSE,4,Female,Hostel,7.44,0
S02518,IT,1,Male,Day Scholar,7.74,1
S02519,EEE,2,Male,Day Scholar,8.49,0
S02520,CSE,1,Female,Day Scholar,8.5,0
S02521,CSE,3,Male,Day Scholar,5.63,0
S02522,Mechanical,2,Male,Hostel,8.26,0
S02523,ECE,4,Male,Day Scholar,7.9,1
S02524,Mechanical,2,Female,Hostel,7.44,0
S02525,BCA,1,Female,Day Scholar,9.11,0
S02526,CSE,4,Female,Day Scholar,9.15,0
S02527,BCA,3,Female,Day Scholar,8.3,0
S02528,BCA,3,Female,Hostel,6.86,1
S02529,BBA,3,Male,Hostel,6.21,0
S02530,Mechanical,1,Male,Day Scholar,8.15,1
S02531,Mechanical,3,Male,Day Scholar,8.76,0
S02532,Mechanical,1,Male,Hostel,5.37,0
S02533,Civil,1,Female,Hostel,8.49,0
S02534,CSE,4,Male,Hostel,7.15,0
S02535,Biotech,3,Female,Hostel,5.59,0
S02536,Mechanical,1,Female,Hostel,7.87,0
S02537,MBA,1,Male,Day Scholar,8.31,0
S02538,ECE,4,Female,Day Scholar,7.05,0
S02539,CSE,1,Female,Day Scholar,6.34,0
S02540,EEE,1,Female,Hostel,9.11,0
S02541,EEE,1,Female,Hostel,6.73,0
S02542,ECE,1,Female,Hostel,8.56,0
S02543,IT,2,Female,Day Scholar,5.89,0
S02544,IT,4,Female,Day Scholar,7.82,0
S02545,EEE,2,Male,Hostel,7.79,0
S02546,ECE,2,Female,Day Scholar,8.27,0
S02547,Biotech,3,Male,Day Scholar,8.89,0
S02548,CSE,2,Male,Day Scholar,6.59,0
S02549,IT,3,Male,Day Scholar,7.92,0
S02550,IT,3,Male,Day Scholar,6.03,0
S02551,EEE,3,Male,Hostel,6.02,0
S02552,EEE,3,Male,Day Scholar,6.82,0
S02553,Mechanical,3,Male,Day Scholar,7.81,0
S02554,Biotech,3,Female,Day Scholar,9.08,0
S02555,IT,3,Female,Hostel,9.26,0
S02556,Civil,1,Female,Day Scholar,7.05,0
S02557,CSE,3,Male,Hostel,7.71,0
S02558,IT,3,Female,Day Scholar,8.34,1
S02559,ECE,1,Male,Day Scholar,8.17,1
S02560,CSE,4,Male,Hostel,7.23,0
S02561,Mechanical,2,Male,Day Scholar,7.48,1
S02562,Civil,1,Female,Day Scholar,7.29,0
S02563,MBA,4,Other,Day Scholar,7.19,0
S02564,EEE,1,Female,Day Scholar,7.06,1
S02565,Mechanical,2,Female,Day Scholar,7.28,0
S02566,ECE,2,Male,Hostel,6.99,0
S02567,CSE,4,Female,Day Scholar,6.26,0
S02568,CSE,2,Male,Day Scholar,8.26,1
S02569,Mechanical,3,Male,Day Scholar,7.92,1
S02570,Biotech,3,Female,Day Scholar,9.28,1
S02571,CSE,3,Female,Day Scholar,7.77,0
S02572,EEE,4,Male,Hostel,6.98,0
S02573,MBA,3,Male,Day Scholar,6.77,0
S02574,BBA,2,Male,Day Scholar,7.45,0
S02575,EEE,4,Male,Hostel,7.95,1
S02576,Mechanical,2,Male,Hostel,7.16,0
S02577,Civil,1,Female,Hostel,5.93,0
S02578,BBA,1,Male,Day Scholar,6.66,0
S02579,CSE,3,Male,Hostel,7.42,1
S02580,BCA,1,Male,Hostel,8.14,0
S02581,CSE,3,Female,Hostel,5.91,0
S02582,BBA,2,Male,Day Scholar,7.67,1
S02583,CSE,2,Male,Hostel,7.62,1
S02584,CSE,1,Female,Hostel,6.95,0
S02585,CSE,4,Female,Day Scholar,6.81,0
S02586,ECE,2,Male,Hostel,6.66,1
S02587,IT,1,Female,Hostel,7.54,1
S02588,CSE,2,Male,Day Scholar,8.53,1
S02589,ECE,2,Female,Hostel,8.6,1
S02590,ECE,3,Male,Hostel,6.28,1
S02591,MBA,2,Female,Hostel,7.21,0
S02592,BCA,1,Female,Hostel,5.21,1
S02593,Mechanical,4,Female,Day Scholar,7.51,0
S02594,CSE,2,Female,Day Scholar,8.0,0
S02595,IT,1,Male,Hostel,8.97,1
S02596,BCA,3,Female,Day Scholar,5.61,0
S02597,CSE,3,Male,Day Scholar,6.31,0
S02598,ECE,3,Male,Day Scholar,7.54,1
S02599,BCA,2,Male,Day Scholar,5.78,0
S02600,Biotech,2,Female,Day Scholar,7.57,0
S02601,ECE,2,Female,Day Scholar,8.02,0
S02602,Civil,1,Female,Day Scholar,6.12,0
S02603,ECE,1,Female,Hostel,7.53,1
S02604,MBA,4,Female,Day Scholar,6.19,0
S02605,CSE,3,Female,Day Scholar,8.78,0
S02606,CSE,2,Female,Day Scholar,7.61,0
S02607,Mechanical,1,Male,Day Scholar,6.76,0
S02608,IT,3,Male,Hostel,6.16,0
S02609,Civil,1,Female,Hostel,7.79,0
S02610,IT,1,Female,Day Scholar,8.76,0
S02611,BCA,1,Male,Day Scholar,6.63,0
S02612,BBA,3,Male,Day Scholar,6.96,0
S02613,EEE,3,Male,Hostel,6.65,0
S02614,MBA,1,Male,Hostel,8.96,0
S02615,IT,1,Female,Hostel,5.49,0
S02616,EEE,3,Male,Hostel,8.69,1
S02617,CSE,2,Male,Day Scholar,7.02,1
S02618,BBA,3,Female,Day Scholar,7.33,0
S02619,BBA,1,Male,Day Scholar,7.06,0
S02620,BCA,3,Male,Day Scholar,7.64,0
S02621,BBA,4,Female,Hostel,6.67,1
S02622,Biotech,3,Male,Day Scholar,8.46,0
S02623,IT,1,Female,Day Scholar,8.5,0
S02624,BCA,3,Female,Day Scholar,6.42,0
S02625,Mechanical,2,Female,Day Scholar,8.07,0
S02626,ECE,1,Male,Hostel,7.04,1
S02627,Mechanical,2,Female,Hostel,7.45,0
S02628,IT,4,Female,Day Scholar,8.93,0
S02629,IT,2,Female,Day Scholar,6.73,0
S02630,IT,4,Male,Day Scholar,8.33,1
S02631,CSE,2,Male,Hostel,7.86,0
S02632,EEE,2,Male,Day Scholar,7.21,0
S02633,BCA,1,Female,Hostel,7.77,1
S02634,Mechanical,3,Female,Day Scholar,7.65,0
S02635,EEE,1,Male,Hostel,6.24,0
S02636,ECE,2,Female,Day Scholar,6.79,1
S02637,ECE,1,Female,Hostel,6.35,0
S02638,CSE,2,Female,Hostel,7.12,0
S02639,BBA,2,Male,Hostel,8.75,0
S02640,CSE,1,Female,Day Scholar,7.98,0
S02641,Civil,1,Female,Day Scholar,5.97,0
S02642,MBA,4,Female,Day Scholar,7.13,0
S02643,Mechanical,1,Female,Day Scholar,7.63,0
S02644,BBA,2,Female,Day Scholar,8.14,0
S02645,IT,2,Male,Day Scholar,6.75,0
S02646,BCA,2,Female,Hostel,6.16,0
S02647,Civil,3,Male,Day Scholar,7.34,1
S02648,MBA,1,Female,Day Scholar,7.97,1
S02649,Civil,2,Female,Day Scholar,7.63,0
S02650,BBA,3,Female,Hostel,6.52,0
S02651,Biotech,2,Female,Hostel,9.15,0
S02652,ECE,4,Male,Hostel,7.3,1
S02653,BBA,4,Male,Day Scholar,7.59,0
S02654,MBA,1,Female,Day Scholar,6.74,1
S02655,ECE,2,Male,Day Scholar,8.51,0
S02656,BCA,1,Male,Day Scholar,7.97,1
S02657,ECE,1,Other,Day Scholar,7.71,1
S02658,Mechanical,2,Male,Hostel,6.25,0
S02659,CSE,2,Male,Hostel,8.49,0
S02660,IT,2,Male,Day Scholar,8.16,0
S02661,BBA,1,Female,Hostel,8.41,1
S02662,ECE,1,Male,Hostel,7.44,0
S02663,ECE,4,Female,Day Scholar,7.33,0
S02664,IT,4,Male,Hostel,7.22,0
S02665,EEE,1,Male,Day Scholar,9.68,0
S02666,MBA,3,Male,Day Scholar,6.86,1
S02667,BCA,2,Male,Day Scholar,6.21,0
S02668,CSE,3,Female,Day Scholar,7.03,0
S02669,Mechanical,3,Male,Hostel,6.87,1
S02670,ECE,4,Male,Hostel,8.66,1
S02671,Mechanical,1,Male,Day Scholar,6.04,1
S02672,ECE,2,Male,Hostel,6.84,0
S02673,ECE,4,Male,Day Scholar,7.59,0
S02674,ECE,1,Male,Hostel,8.67,1
S02675,Mechanical,1,Female,Day Scholar,8.11,0
S02676,EEE,3,Male,Day Scholar,9.02,0
S02677,ECE,3,Female,Day Scholar,7.75,0
S02678,BBA,3,Female,Day Scholar,7.2,0
S02679,MBA,3,Male,Day Scholar,8.26,1
S02680,IT,3,Female,Hostel,6.03,0
S02681,MBA,1,Female,Day Scholar,5.69,0
S02682,BBA,3,Female,Day Scholar,8.38,0
S02683,CSE,3,Female,Day Scholar,7.61,0
S02684,Mechanical,4,Female,Day Scholar,8.36,0
S02685,IT,1,Male,Hostel,6.55,1
S02686,MBA,1,Female,Hostel,8.68,0
S02687,IT,3,Male,Day Scholar,8.07,0
S02688,Civil,1,Female,Hostel,7.37,0
S02689,IT,1,Female,Day Scholar,7.61,1
S02690,EEE,3,Female,Day Scholar,7.75,1
S02691,BCA,2,Female,Day Scholar,6.54,0
S02692,ECE,2,Male,Hostel,7.01,0
S02693,BBA,1,Female,Hostel,7.73,0
S02694,Biotech,1,Male,Day Scholar,6.97,0
S02695,BBA,3,Female,Day Scholar,5.93,0
S02696,CSE,2,Female,Day Scholar,7.69,0
S02697,BBA,1,Male,Hostel,8.24,0
S02698,CSE,2,Female,Hostel,8.47,0
S02699,ECE,1,Male,Day Scholar,7.93,1
S02700,BBA,1,Female,Day Scholar,8.22,0
S02701,Civil,1,Female,Day Scholar,8.39,0
S02702,EEE,2,Female,Day Scholar,7.48,1
S02703,ECE,1,Female,Day Scholar,5.28,1
S02704,BBA,2,Male,Day Scholar,8.56,1
S02705,Civil,2,Male,Day Scholar,6.51,0
S02706,ECE,2,Male,Day Scholar,6.27,0
S02707,BCA,1,Male,Day Scholar,6.3,0
S02708,IT,1,Male,Hostel,9.88,0
S02709,CSE,1,Male,Day Scholar,7.84,0
S02710,Mechanical,2,Female,Day Scholar,6.36,0
S02711,Biotech,3,Male,Day Scholar,6.72,0
S02712,IT,1,Female,Hostel,7.4,0
S02713,IT,3,Female,Day Scholar,7.94,0
S02714,CSE,3,Male,Day Scholar,7.68,0
S02715,BBA,1,Female,Day Scholar,6.47,0
S02716,IT,1,Male,Hostel,7.72,1
S02717,EEE,1,Male,Hostel,6.79,0
S02718,Biotech,1,Female,Day Scholar,8.45,0
S02719,CSE,2,Male,Day Scholar,7.46,0
S02720,EEE,1,Male,Hostel,6.64,0
S02721,EEE,3,Female,Hostel,8.09,1
S02722,MBA,2,Male,Day Scholar,7.78,0
S02723,IT,3,Female,Hostel,6.93,1
S02724,ECE,3,Female,Hostel,8.13,1
S02725,CSE,2,Male,Day Scholar,8.03,1
S02726,MBA,4,Female,Day Scholar,8.6,0
S02727,MBA,4,Male,Hostel,8.11,1
S02728,CSE,2,Male,Hostel,7.19,1
S02729,ECE,1,Female,Day Scholar,5.71,0
S02730,BCA,2,Male,Day Scholar,7.59,0
S02731,CSE,1,Female,Day Scholar,7.74,0
S02732,IT,2,Male,Hostel,7.45,0
S02733,EEE,2,Male,Day Scholar,4.5,0
S02734,IT,2,Female,Day Scholar,8.08,0
S02735,IT,3,Female,Hostel,6.49,0
S02736,ECE,1,Male,Day Scholar,8.09,0
S02737,CSE,2,Female,Day Scholar,9.1,0
S02738,EEE,2,Male,Hostel,7.15,1
S02739,Civil,3,Male,Day Scholar,7.84,1
S02740,Mechanical,3,Female,Hostel,7.43,0
S02741,CSE,1,Female,Day Scholar,7.93,0
S02742,BBA,3,Male,Day Scholar,7.5,1
S02743,CSE,1,Female,Hostel,6.88,0
S02744,MBA,3,Female,Hostel,6.5,0
S02745,ECE,2,Female,Hostel,8.99,1
S02746,MBA,2,Female,Day Scholar,7.84,0
S02747,CSE,3,Male,Hostel,8.23,1
S02748,CSE,4,Male,Hostel,7.8,0
S02749,EEE,3,Female,Day Scholar,8.38,1
S02750,CSE,2,Female,Day Scholar,6.5,0
S02751,IT,3,Male,Day Scholar,7.48,1
S02752,Civil,2,Male,Day Scholar,7.91,0
S02753,BBA,3,Male,Hostel,8.69,1
S02754,CSE,3,Female,Day Scholar,10.0,0
S02755,BCA,1,Female,Day Scholar,7.81,1
S02756,MBA,1,Female,Hostel,6.74,0
S02757,BBA,1,Male,Day Scholar,6.2,0
S02758,Civil,1,Female,Day Scholar,6.5,0
S02759,Civil,2,Male,Hostel,6.63,0
S02760,EEE,1,Male,Hostel,4.5,0
S02761,Mechanical,3,Male,Hostel,6.72,0
S02762,BCA,1,Male,Day Scholar,8.12,0
S02763,CSE,1,Female,Hostel,7.48,0
S02764,IT,3,Male,Day Scholar,7.14,0
S02765,CSE,2,Male,Hostel,5.78,0
S02766,BCA,2,Female,Day Scholar,8.45,1
S02767,ECE,3,Male,Day Scholar,7.91,0
S02768,Civil,4,Male,Hostel,7.39,0
S02769,BBA,2,Male,Hostel,5.2,0
S02770,Biotech,1,Male,Day Scholar,6.91,0
S02771,CSE,1,Male,Hostel,7.83,0
S02772,MBA,4,Female,Hostel,7.37,1
S02773,BCA,3,Male,Day Scholar,7.59,1
S02774,CSE,3,Male,Day Scholar,8.09,0
S02775,MBA,3,Female,Day Scholar,7.55,1
S02776,IT,1,Male,Day Scholar,8.05,0
S02777,Mechanical,2,Female,Day Scholar,6.56,1
S02778,EEE,3,Male,Day Scholar,6.18,0
S02779,IT,4,Female,Hostel,7.88,1
S02780,CSE,1,Male,Day Scholar,8.08,0
S02781,CSE,3,Female,Day Scholar,7.92,0
S02782,CSE,1,Female,Day Scholar,7.53,1
S02783,Mechanical,4,Female,Day Scholar,7.08,0
S02784,IT,1,Female,Day Scholar,7.61,0
S02785,CSE,3,Male,Day Scholar,7.78,1
S02786,Civil,1,Male,Day Scholar,7.84,0
S02787,Civil,3,Female,Hostel,10.0,0
S02788,EEE,3,Female,Hostel,6.48,0
S02789,BCA,2,Male,Day Scholar,10.0,0
S02790,ECE,3,Female,Hostel,6.14,0
S02791,BBA,4,Female,Day Scholar,7.79,0
S02792,CSE,4,Female,Day Scholar,6.21,0
S02793,MBA,2,Female,Day Scholar,7.71,1
S02794,Biotech,3,Female,Day Scholar,8.38,1
S02795,BBA,2,Male,Hostel,7.43,0
S02796,Mechanical,3,Female,Hostel,8.37,1
S02797,Mechanical,2,Male,Day Scholar,6.98,0
S02798,IT,3,Male,Hostel,5.35,0
S02799,Civil,1,Female,Day Scholar,8.03,0
S02800,MBA,2,Female,Hostel,7.43,0
S02801,Biotech,1,Male,Hostel,6.92,1
S02802,EEE,1,Female,Day Scholar,6.99,0
S02803,CSE,1,Male,Day Scholar,7.81,0
S02804,Mechanical,1,Male,Day Scholar,6.59,1
S02805,CSE,3,Female,Hostel,7.78,1
S02806,IT,2,Female,Day Scholar,8.59,0
S02807,IT,1,Male,Day Scholar,9.46,0
S02808,MBA,3,Male,Day Scholar,8.8,0
S02809,CSE,4,Female,Hostel,7.56,0
S02810,CSE,4,Male,Hostel,7.66,0
S02811,CSE,3,Female,Day Scholar,7.0,0
S02812,BBA,4,Male,Day Scholar,6.93,0
S02813,Civil,3,Female,Hostel,8.27,1
S02814,CSE,4,Male,Hostel,7.09,1
S02815,CSE,4,Male,Day Scholar,7.77,0
S02816,EEE,2,Male,Day Scholar,6.44,1
S02817,IT,4,Female,Day Scholar,8.77,0
S02818,Mechanical,3,Female,Day Scholar,7.08,0
S02819,ECE,3,Male,Day Scholar,8.49,0
S02820,BCA,4,Male,Day Scholar,6.7,0
S02821,IT,2,Male,Day Scholar,6.64,0
S02822,Civil,2,Female,Hostel,8.73,0
S02823,CSE,3,Male,Day Scholar,6.77,0
S02824,Biotech,3,Female,Day Scholar,5.83,0
S02825,Biotech,4,Male,Day Scholar,6.36,1
S02826,MBA,4,Female,Hostel,8.26,0
S02827,ECE,3,Female,Day Scholar,8.16,1
S02828,CSE,4,Male,Day Scholar,6.64,0
S02829,BBA,1,Male,Hostel,6.77,0
S02830,MBA,4,Female,Day Scholar,8.07,0
S02831,IT,1,Male,Hostel,8.72,0
S02832,ECE,2,Female,Hostel,7.33,0
S02833,ECE,1,Female,Hostel,7.95,0
S02834,BBA,2,Male,Day Scholar,8.27,1
S02835,Civil,2,Female,Hostel,9.55,1
S02836,Mechanical,1,Male,Day Scholar,6.24,0
S02837,Mechanical,3,Female,Day Scholar,6.73,0
S02838,IT,3,Male,Day Scholar,6.89,0
S02839,ECE,1,Male,Day Scholar,8.23,1
S02840,CSE,3,Male,Day Scholar,7.15,1
S02841,MBA,1,Male,Hostel,7.71,1
S02842,ECE,1,Male,Hostel,7.52,0
S02843,ECE,1,Male,Hostel,7.4,0
S02844,IT,3,Female,Day Scholar,7.51,0
S02845,CSE,3,Male,Hostel,8.43,0
S02846,Mechanical,3,Male,Day Scholar,6.43,0
S02847,IT,3,Male,Day Scholar,7.25,0
S02848,CSE,3,Male,Day Scholar,6.18,0
S02849,MBA,3,Male,Hostel,7.63,0
S02850,ECE,4,Male,Hostel,7.2,0
S02851,ECE,2,Female,Hostel,8.47,0
S02852,ECE,1,Female,Day Scholar,7.4,0
S02853,BBA,1,Female,Day Scholar,6.96,1
S02854,IT,3,Male,Day Scholar,7.15,0
S02855,MBA,2,Female,Day Scholar,9.12,1
S02856,BCA,1,Female,Day Scholar,5.83,0
S02857,Civil,4,Female,Hostel,6.77,0
S02858,ECE,4,Male,Hostel,7.44,1
S02859,MBA,1,Male,Hostel,6.76,0
S02860,ECE,1,Male,Hostel,7.89,0
S02861,ECE,1,Male,Hostel,7.34,1
S02862,EEE,2,Female,Day Scholar,7.66,1
S02863,IT,4,Male,Hostel,7.52,0
S02864,CSE,3,Male,Hostel,7.3,1
S02865,ECE,1,Male,Hostel,6.11,1
S02866,CSE,2,Male,Hostel,7.58,0
S02867,ECE,1,Male,Hostel,5.64,0
S02868,EEE,2,Male,Hostel,6.73,1
S02869,BCA,2,Female,Hostel,7.89,0
S02870,CSE,3,Male,Day Scholar,8.59,0
S02871,Mechanical,2,Female,Hostel,9.75,0
S02872,ECE,4,Female,Hostel,6.97,0
S02873,CSE,1,Female,Day Scholar,6.53,1
S02874,IT,3,Female,Hostel,7.92,0
S02875,CSE,1,Male,Day Scholar,9.27,0
S02876,CSE,2,Female,Hostel,8.93,0
S02877,IT,4,Female,Day Scholar,6.36,0
S02878,ECE,3,Male,Day Scholar,7.26,0
S02879,EEE,1,Male,Day Scholar,8.25,0
S02880,CSE,2,Female,Hostel,8.32,1
S02881,CSE,3,Male,Day Scholar,7.99,0
S02882,CSE,4,Female,Hostel,6.95,0
S02883,EEE,3,Male,Day Scholar,7.98,0
S02884,IT,1,Male,Hostel,8.33,0
S02885,EEE,2,Female,Day Scholar,6.47,0
S02886,IT,1,Female,Hostel,8.73,0
S02887,CSE,1,Female,Day Scholar,8.39,1
S02888,BCA,3,Female,Hostel,6.66,0
S02889,CSE,3,Female,Hostel,8.32,1
S02890,CSE,1,Male,Day Scholar,8.21,0
S02891,CSE,3,Other,Day Scholar,8.25,0
S02892,Biotech,3,Male,Hostel,8.98,1
S02893,Mechanical,3,Male,Hostel,7.39,0
S02894,Mechanical,1,Female,Day Scholar,7.73,0
S02895,Biotech,2,Male,Day Scholar,4.76,0
S02896,CSE,1,Female,Day Scholar,8.52,0
S02897,Biotech,1,Male,Day Scholar,8.42,1
S02898,CSE,2,Male,Day Scholar,8.76,1
S02899,Mechanical,2,Male,Day Scholar,6.46,0
S02900,ECE,1,Female,Hostel,8.36,0
S02901,ECE,1,Female,Day Scholar,8.42,1
S02902,BCA,4,Male,Day Scholar,6.75,0
S02903,CSE,3,Male,Hostel,8.46,0
S02904,Biotech,2,Male,Day Scholar,7.86,0
S02905,ECE,4,Male,Hostel,5.7,0
S02906,Mechanical,1,Female,Hostel,7.98,0
S02907,Biotech,2,Female,Day Scholar,6.63,0
S02908,CSE,3,Male,Day Scholar,5.72,0
S02909,BCA,2,Male,Hostel,7.77,1
S02910,Mechanical,1,Female,Day Scholar,7.33,0
S02911,Civil,2,Male,Hostel,8.8,0
S02912,CSE,2,Male,Day Scholar,7.58,0
S02913,EEE,3,Female,Day Scholar,8.18,0
S02914,Civil,2,Male,Day Scholar,7.91,0
S02915,ECE,2,Male,Hostel,8.42,1
S02916,CSE,1,Male,Hostel,6.51,0
S02917,IT,2,Female,Day Scholar,7.6,1
S02918,BBA,1,Male,Hostel,7.26,0
S02919,CSE,4,Female,Hostel,8.05,0
S02920,Civil,3,Male,Hostel,7.66,1
S02921,Biotech,2,Male,Day Scholar,6.79,0
S02922,CSE,3,Female,Hostel,7.06,1
S02923,CSE,1,Male,Day Scholar,9.05,0
S02924,Civil,2,Male,Hostel,5.71,0
S02925,CSE,2,Male,Day Scholar,8.11,0
S02926,Mechanical,2,Female,Day Scholar,8.64,0
S02927,Civil,3,Male,Hostel,7.98,1
S02928,Mechanical,4,Female,Day Scholar,9.37,0
S02929,ECE,2,Male,Day Scholar,8.34,0
S02930,Civil,2,Male,Hostel,7.78,0
S02931,Mechanical,3,Male,Day Scholar,6.93,1
S02932,CSE,1,Male,Day Scholar,7.8,0
S02933,Mechanical,1,Female,Day Scholar,8.08,0
S02934,BCA,4,Male,Day Scholar,7.4,0
S02935,Civil,3,Female,Day Scholar,6.66,1
S02936,ECE,4,Male,Day Scholar,6.2,0
S02937,IT,1,Male,Hostel,7.59,1
S02938,CSE,1,Male,Day Scholar,5.92,1
S02939,IT,2,Female,Day Scholar,6.93,0
S02940,CSE,4,Male,Hostel,4.97,0
S02941,Biotech,1,Female,Day Scholar,8.23,0
S02942,IT,1,Female,Day Scholar,8.55,0
S02943,BBA,1,Female,Day Scholar,7.48,0
S02944,CSE,3,Male,Day Scholar,9.23,0
S02945,IT,3,Female,Day Scholar,8.75,1
S02946,ECE,3,Male,Day Scholar,7.88,0
S02947,IT,1,Male,Day Scholar,7.29,0
S02948,MBA,3,Male,Day Scholar,7.05,1
S02949,Biotech,2,Female,Hostel,7.96,0
S02950,BBA,1,Male,Hostel,7.26,0
S02951,CSE,1,Female,Day Scholar,7.95,1
S02952,MBA,2,Female,Day Scholar,8.02,0
S02953,CSE,2,Male,Day Scholar,7.17,1
S02954,BCA,4,Male,Hostel,8.5,1
S02955,EEE,2,Female,Hostel,7.17,0
S02956,IT,2,Male,Day Scholar,7.42,0
S02957,CSE,3,Male,Hostel,6.42,0
S02958,CSE,3,Male,Day Scholar,7.13,0
S02959,IT,1,Female,Hostel,9.56,0
S02960,BCA,3,Male,Day Scholar,6.5,1
S02961,MBA,1,Male,Day Scholar,7.84,0
S02962,Biotech,2,Male,Hostel,6.95,0
S02963,CSE,3,Male,Day Scholar,5.19,0
S02964,Mechanical,2,Female,Hostel,7.96,1
S02965,IT,2,Male,Day Scholar,6.84,0
S02966,EEE,1,Female,Day Scholar,7.72,0
S02967,IT,2,Female,Day Scholar,8.39,0
S02968,IT,2,Male,Hostel,7.63,1
S02969,Mechanical,4,Female,Hostel,7.73,1
S02970,CSE,2,Female,Hostel,6.53,0
S02971,ECE,4,Female,Day Scholar,8.11,1
S02972,Mechanical,2,Female,Hostel,7.21,0
S02973,CSE,3,Male,Day Scholar,5.4,0
S02974,BCA,1,Female,Hostel,8.23,0
S02975,EEE,1,Male,Day Scholar,8.53,1
S02976,BBA,1,Female,Day Scholar,8.88,0
S02977,Mechanical,1,Male,Hostel,9.57,1
S02978,Civil,4,Female,Day Scholar,8.17,0
S02979,Civil,3,Female,Day Scholar,7.91,0
S02980,BBA,3,Female,Day Scholar,8.49,0
S02981,Mechanical,2,Male,Day Scholar,6.51,0
S02982,IT,2,Female,Day Scholar,5.73,0
S02983,CSE,3,Female,Day Scholar,6.92,1
S02984,Mechanical,3,Female,Day Scholar,8.68,0
S02985,CSE,3,Female,Hostel,6.74,0
S02986,IT,3,Female,Day Scholar,7.87,0
S02987,CSE,1,Female,Day Scholar,7.97,0
S02988,EEE,4,Male,Hostel,7.64,0
S02989,CSE,1,Male,Day Scholar,6.12,1
S02990,Mechanical,2,Female,Hostel,7.74,0
S02991,MBA,4,Female,Hostel,6.98,0
S02992,BBA,1,Male,Day Scholar,9.1,0
S02993,IT,1,Male,Hostel,8.54,0
S02994,EEE,2,Male,Day Scholar,7.01,0
S02995,Mechanical,2,Female,Hostel,9.17,0
S02996,ECE,4,Female,Day Scholar,7.74,0
S02997,Mechanical,4,Female,Day Scholar,5.73,0
S02998,CSE,2,Male,Day Scholar,7.32,0
S02999,Biotech,4,Male,Day Scholar,9.04,0
S03000,CSE,3,Female,Hostel,6.58,1
S03001,BBA,4,Male,Hostel,7.33,0
S03002,Mechanical,1,Male,Day Scholar,6.04,1
S03003,IT,2,Male,Day Scholar,6.2,0
S03004,MBA,1,Female,Day Scholar,6.57,0
S03005,CSE,1,Male,Day Scholar,6.17,0
S03006,MBA,3,Male,Hostel,6.78,0
S03007,Mechanical,1,Male,Hostel,9.14,1
S03008,CSE,2,Female,Day Scholar,7.36,1
S03009,CSE,3,Male,Day Scholar,8.19,0
S03010,MBA,1,Male,Day Scholar,8.49,0
S03011,IT,2,Male,Day Scholar,6.29,0
S03012,BCA,3,Male,Day Scholar,6.57,0
S03013,MBA,4,Female,Day Scholar,8.17,0
S03014,Civil,1,Female,Hostel,6.77,0
S03015,IT,4,Male,Day Scholar,8.1,0
S03016,Civil,4,Female,Hostel,9.08,0
S03017,BCA,3,Male,Hostel,5.94,1
S03018,CSE,2,Female,Day Scholar,7.04,0
S03019,IT,3,Male,Hostel,7.2,0
S03020,IT,3,Male,Hostel,6.87,0
S03021,ECE,2,Female,Day Scholar,6.79,0
S03022,MBA,4,Female,Day Scholar,6.91,0
S03023,ECE,4,Female,Hostel,7.38,0
S03024,Mechanical,2,Female,Day Scholar,7.56,0
S03025,IT,3,Female,Day Scholar,8.35,1
S03026,CSE,2,Female,Hostel,7.37,0
S03027,IT,3,Male,Day Scholar,8.52,1
S03028,BBA,3,Male,Day Scholar,6.81,0
S03029,Mechanical,1,Female,Day Scholar,6.2,0
S03030,ECE,1,Female,Day Scholar,7.1,0
S03031,MBA,2,Female,Day Scholar,7.86,0
S03032,CSE,4,Male,Day Scholar,8.26,0
S03033,IT,2,Male,Hostel,8.86,0
S03034,IT,4,Male,Day Scholar,7.69,0
S03035,Biotech,2,Female,Day Scholar,8.15,0
S03036,Civil,1,Male,Hostel,8.77,0
S03037,Mechanical,4,Female,Day Scholar,6.62,0
S03038,CSE,2,Male,Day Scholar,7.19,0
S03039,CSE,2,Male,Hostel,10.0,0
S03040,Mechanical,1,Female,Hostel,8.26,0
S03041,ECE,1,Male,Day Scholar,7.91,1
S03042,BCA,1,Female,Hostel,8.29,0
S03043,MBA,2,Male,Day Scholar,6.06,0
S03044,ECE,3,Male,Hostel,6.75,1
S03045,MBA,2,Female,Day Scholar,6.39,1
S03046,Biotech,1,Female,Day Scholar,7.82,1
S03047,ECE,1,Male,Hostel,7.03,1
S03048,Mechanical,2,Male,Day Scholar,7.5,1
S03049,BCA,4,Female,Hostel,7.09,1
S03050,IT,2,Female,Hostel,5.77,0
S03051,BCA,1,Female,Day Scholar,8.28,1
S03052,CSE,3,Female,Hostel,5.64,0
S03053,Mechanical,4,Male,Day Scholar,6.67,0
S03054,MBA,3,Female,Day Scholar,6.08,0
S03055,Mechanical,4,Female,Hostel,6.52,1
S03056,EEE,4,Female,Hostel,7.6,0
S03057,Mechanical,3,Female,Day Scholar,8.64,1
S03058,CSE,4,Female,Hostel,5.84,0
S03059,CSE,1,Female,Day Scholar,6.84,1
S03060,IT,4,Male,Hostel,5.65,1
S03061,Mechanical,4,Male,Day Scholar,6.79,1
S03062,ECE,4,Female,Hostel,7.47,0
S03063,IT,2,Female,Day Scholar,8.17,1
S03064,BCA,3,Male,Day Scholar,5.28,1
S03065,ECE,1,Male,Hostel,7.95,1
S03066,ECE,3,Female,Day Scholar,6.43,0
S03067,ECE,2,Female,Hostel,6.18,0
S03068,CSE,3,Female,Hostel,7.47,0
S03069,MBA,3,Male,Hostel,8.03,0
S03070,ECE,2,Male,Day Scholar,7.3,0
S03071,CSE,1,Male,Day Scholar,6.31,1
S03072,Biotech,2,Female,Hostel,7.3,0
S03073,BBA,3,Male,Day Scholar,6.67,0
S03074,Civil,3,Female,Day Scholar,8.0,0
S03075,BBA,3,Female,Hostel,8.48,0
S03076,BCA,1,Female,Hostel,8.41,0
S03077,IT,3,Female,Hostel,7.38,0
S03078,Mechanical,3,Female,Hostel,8.52,0
S03079,Mechanical,1,Female,Day Scholar,6.38,0
S03080,IT,2,Male,Day Scholar,9.18,1
S03081,IT,2,Male,Hostel,6.37,0
S03082,CSE,2,Female,Day Scholar,5.37,1
S03083,Mechanical,1,Male,Hostel,8.77,0
S03084,MBA,1,Female,Day Scholar,6.69,1
S03085,MBA,1,Male,Day Scholar,7.52,0
S03086,IT,1,Female,Hostel,6.37,0
S03087,CSE,1,Male,Day Scholar,9.76,0
S03088,ECE,3,Female,Hostel,9.22,0
S03089,EEE,2,Male,Day Scholar,8.95,0
S03090,BCA,2,Male,Hostel,7.49,0
S03091,BBA,3,Male,Day Scholar,8.38,0
S03092,BCA,2,Female,Day Scholar,7.35,0
S03093,BBA,1,Male,Day Scholar,8.52,0
S03094,Biotech,1,Female,Day Scholar,6.99,0
S03095,ECE,1,Female,Day Scholar,8.98,0
S03096,CSE,3,Female,Hostel,6.94,0
S03097,CSE,2,Female,Day Scholar,7.05,1
S03098,ECE,2,Female,Day Scholar,6.93,0
S03099,IT,2,Female,Day Scholar,7.59,0
S03100,CSE,4,Male,Day Scholar,7.01,1
S03101,Biotech,2,Female,Hostel,7.89,0
S03102,CSE,2,Male,Hostel,6.92,1
S03103,Biotech,2,Female,Hostel,8.19,0
S03104,MBA,3,Male,Hostel,8.92,0
S03105,Mechanical,3,Male,Day Scholar,7.48,0
S03106,Civil,3,Female,Hostel,9.62,0
S03107,IT,1,Male,Day Scholar,8.53,0
S03108,Mechanical,2,Male,Hostel,9.54,0
S03109,CSE,3,Male,Day Scholar,7.34,0
S03110,BCA,2,Female,Hostel,5.74,0
S03111,IT,4,Male,Hostel,6.69,1
S03112,IT,2,Male,Day Scholar,6.8,0
S03113,Civil,2,Other,Hostel,6.45,1
S03114,Mechanical,2,Female,Day Scholar,5.2,1
S03115,ECE,2,Male,Day Scholar,8.42,1
S03116,Mechanical,4,Male,Hostel,5.54,0
S03117,CSE,1,Male,Day Scholar,8.33,0
S03118,Civil,2,Female,Hostel,9.59,0
S03119,IT,3,Male,Hostel,6.62,0
S03120,IT,4,Male,Day Scholar,7.79,0
S03121,CSE,3,Male,Hostel,7.0,0
S03122,IT,4,Female,Hostel,8.23,0
S03123,IT,4,Male,Day Scholar,6.21,1
S03124,ECE,2,Female,Day Scholar,7.27,0
S03125,CSE,4,Male,Day Scholar,8.52,1
S03126,CSE,4,Female,Day Scholar,7.35,0
S03127,EEE,1,Female,Day Scholar,5.77,0
S03128,CSE,3,Male,Day Scholar,8.64,0
S03129,Civil,1,Male,Hostel,6.1,0
S03130,BCA,3,Male,Hostel,7.48,0
S03131,ECE,1,Female,Day Scholar,7.98,0
S03132,BCA,3,Male,Hostel,7.52,0
S03133,CSE,2,Female,Hostel,9.94,1
S03134,CSE,3,Male,Day Scholar,8.13,0
S03135,Civil,1,Female,Day Scholar,7.2,0
S03136,MBA,3,Female,Day Scholar,8.0,0
S03137,BBA,2,Male,Hostel,7.61,0
S03138,CSE,3,Male,Day Scholar,7.44,0
S03139,MBA,2,Female,Hostel,7.64,1
S03140,ECE,1,Male,Day Scholar,6.97,1
S03141,IT,2,Female,Hostel,7.61,0
S03142,CSE,4,Female,Day Scholar,6.89,0
S03143,Biotech,1,Male,Day Scholar,5.5,0
S03144,CSE,3,Male,Hostel,8.54,0
S03145,BBA,1,Male,Day Scholar,6.83,0
S03146,Mechanical,3,Male,Hostel,7.54,0
S03147,MBA,1,Female,Hostel,6.64,0
S03148,Civil,2,Female,Hostel,6.67,1
S03149,BBA,2,Male,Day Scholar,6.36,1
S03150,CSE,1,Female,Hostel,8.35,0
S03151,CSE,2,Male,Day Scholar,8.59,0
S03152,Mechanical,2,Female,Day Scholar,7.43,0
S03153,IT,2,Female,Day Scholar,6.86,0
S03154,CSE,4,Male,Hostel,5.71,1
S03155,CSE,2,Female,Day Scholar,8.2,0
S03156,IT,4,Female,Hostel,6.72,0
S03157,CSE,2,Male,Hostel,6.28,1
S03158,CSE,1,Male,Day Scholar,7.43,0
S03159,BCA,1,Female,Day Scholar,7.07,1
S03160,IT,2,Male,Hostel,5.88,0
S03161,Biotech,2,Male,Hostel,6.02,1
S03162,Biotech,4,Male,Hostel,7.74,1
S03163,CSE,3,Female,Hostel,6.74,1
S03164,Civil,2,Male,Hostel,7.91,1
S03165,Mechanical,2,Male,Hostel,7.55,1
S03166,Civil,2,Male,Hostel,8.45,0
S03167,CSE,3,Male,Hostel,6.57,0
S03168,CSE,1,Female,Day Scholar,7.63,0
S03169,CSE,1,Male,Day Scholar,8.04,0
S03170,Mechanical,2,Female,Day Scholar,6.77,0
S03171,Biotech,1,Male,Hostel,8.53,0
S03172,Civil,3,Female,Day Scholar,5.73,0
S03173,Civil,1,Male,Hostel,6.57,0
S03174,Biotech,1,Female,Day Scholar,5.7,0
S03175,Civil,4,Male,Hostel,6.66,1
S03176,CSE,4,Female,Day Scholar,7.25,0
S03177,BBA,2,Male,Hostel,8.23,0
S03178,ECE,2,Male,Day Scholar,7.24,0
S03179,CSE,3,Female,Hostel,6.8,0
S03180,EEE,1,Male,Day Scholar,5.85,1
S03181,BCA,2,Male,Day Scholar,6.19,0
S03182,IT,1,Female,Hostel,7.71,0
S03183,EEE,2,Female,Day Scholar,8.28,1
S03184,CSE,4,Female,Hostel,6.98,0
S03185,CSE,3,Female,Day Scholar,8.61,0
S03186,CSE,4,Male,Hostel,6.45,0
S03187,Civil,3,Male,Day Scholar,7.01,0
S03188,BBA,3,Female,Day Scholar,7.09,0
S03189,CSE,3,Male,Day Scholar,8.93,0
S03190,IT,3,Male,Day Scholar,7.53,0
S03191,CSE,2,Male,Day Scholar,5.6,1
S03192,CSE,1,Male,Day Scholar,8.35,1
S03193,EEE,2,Male,Hostel,9.25,0
S03194,Civil,1,Male,Day Scholar,7.15,0
S03195,Mechanical,2,Female,Hostel,6.5,0
S03196,ECE,1,Female,Day Scholar,8.26,0
S03197,EEE,2,Female,Hostel,9.36,1
S03198,CSE,1,Male,Day Scholar,8.25,1
S03199,CSE,1,Male,Day Scholar,5.78,1
S03200,BCA,2,Female,Day Scholar,8.15,0
S03201,MBA,1,Male,Hostel,7.8,0
S03202,BCA,4,Male,Hostel,6.45,0
S03203,BCA,2,Female,Day Scholar,8.69,1
S03204,Mechanical,2,Female,Day Scholar,7.84,0
S03205,BCA,1,Male,Day Scholar,8.71,1
S03206,ECE,4,Female,Day Scholar,6.34,0
S03207,CSE,3,Female,Hostel,7.8,1
S03208,CSE,2,Female,Day Scholar,6.5,1
S03209,CSE,1,Male,Day Scholar,7.65,1
S03210,CSE,3,Female,Hostel,8.88,1
S03211,IT,4,Female,Day Scholar,5.97,0
S03212,Civil,2,Male,Hostel,6.03,0
S03213,MBA,1,Female,Hostel,8.36,0
S03214,Mechanical,1,Female,Hostel,7.39,0
S03215,CSE,1,Male,Day Scholar,8.57,0
S03216,MBA,3,Male,Day Scholar,6.59,1
S03217,IT,4,Male,Hostel,7.45,0
S03218,CSE,4,Female,Day Scholar,8.09,1
S03219,IT,3,Male,Day Scholar,7.61,0
S03220,IT,1,Male,Hostel,5.61,1
S03221,IT,4,Male,Hostel,10.0,0
S03222,BBA,2,Female,Hostel,7.61,0
S03223,MBA,2,Female,Hostel,6.06,1
S03224,Civil,3,Male,Day Scholar,7.71,0
S03225,CSE,1,Female,Day Scholar,7.83,0
S03226,MBA,3,Male,Hostel,8.39,0
S03227,Civil,4,Male,Day Scholar,8.33,0
S03228,CSE,3,Female,Hostel,7.19,0
S03229,Mechanical,3,Male,Hostel,5.68,0
S03230,EEE,2,Female,Hostel,7.86,0
S03231,ECE,1,Female,Hostel,5.76,0
S03232,CSE,3,Female,Hostel,8.62,0
S03233,EEE,3,Male,Hostel,6.67,0
S03234,CSE,4,Male,Hostel,8.03,0
S03235,CSE,1,Male,Day Scholar,6.74,0
S03236,CSE,2,Female,Day Scholar,6.91,0
S03237,Biotech,2,Female,Hostel,6.6,0
S03238,IT,3,Female,Day Scholar,8.12,0
S03239,IT,3,Female,Hostel,6.78,0
S03240,IT,4,Male,Day Scholar,8.17,0
S03241,BCA,1,Female,Hostel,6.8,0
S03242,Mechanical,2,Female,Day Scholar,7.17,1
S03243,BCA,1,Male,Hostel,7.44,0
S03244,IT,1,Female,Hostel,7.55,1
S03245,CSE,2,Female,Day Scholar,6.48,1
S03246,EEE,3,Female,Day Scholar,8.1,0
S03247,IT,2,Female,Day Scholar,7.13,1
S03248,MBA,2,Male,Day Scholar,7.94,0
S03249,BBA,3,Female,Hostel,7.38,0
S03250,ECE,3,Male,Day Scholar,7.99,0
S03251,Biotech,1,Female,Hostel,6.99,0
S03252,EEE,2,Male,Day Scholar,6.61,1
S03253,IT,3,Female,Day Scholar,7.83,1
S03254,EEE,3,Male,Hostel,6.91,0
S03255,CSE,3,Male,Day Scholar,8.86,1
S03256,MBA,1,Male,Hostel,7.47,0
S03257,CSE,2,Female,Hostel,6.03,0
S03258,IT,4,Male,Day Scholar,6.81,0
S03259,Mechanical,2,Male,Hostel,6.4,0
S03260,CSE,2,Male,Hostel,8.47,0
S03261,CSE,4,Male,Day Scholar,8.17,1
S03262,Civil,1,Female,Hostel,7.34,1
S03263,CSE,3,Male,Hostel,7.69,0
S03264,ECE,4,Male,Hostel,7.31,1
S03265,IT,1,Male,Day Scholar,8.26,0
S03266,IT,3,Male,Hostel,7.92,0
S03267,CSE,2,Male,Day Scholar,8.1,0
S03268,MBA,4,Male,Hostel,7.21,1
S03269,Biotech,4,Male,Day Scholar,6.77,0
S03270,CSE,4,Male,Hostel,8.07,0
S03271,Biotech,1,Male,Hostel,8.95,0
S03272,Mechanical,3,Female,Day Scholar,8.51,1
S03273,Mechanical,4,Male,Day Scholar,8.98,0
S03274,Civil,3,Female,Hostel,7.56,0
S03275,Civil,3,Female,Hostel,6.43,0
S03276,BBA,1,Female,Day Scholar,6.52,0
S03277,EEE,4,Male,Hostel,8.78,0
S03278,EEE,1,Female,Hostel,5.54,0
S03279,IT,2,Female,Day Scholar,8.9,0
S03280,CSE,4,Female,Day Scholar,6.61,0
S03281,Civil,4,Female,Day Scholar,9.32,0
S03282,CSE,4,Male,Day Scholar,7.33,0
S03283,IT,2,Female,Day Scholar,8.12,0
S03284,CSE,1,Female,Hostel,9.79,0
S03285,CSE,2,Male,Day Scholar,7.07,1
S03286,Mechanical,1,Male,Hostel,7.05,1
S03287,Mechanical,4,Female,Day Scholar,6.71,1
S03288,ECE,2,Male,Day Scholar,6.4,0
S03289,CSE,2,Female,Hostel,7.07,1
S03290,ECE,1,Male,Day Scholar,6.85,0
S03291,IT,2,Female,Day Scholar,6.15,0
S03292,Civil,4,Male,Day Scholar,7.19,0
S03293,Mechanical,3,Female,Hostel,7.85,0
S03294,EEE,1,Male,Hostel,6.5,0
S03295,EEE,1,Female,Day Scholar,7.24,0
S03296,Biotech,2,Male,Day Scholar,8.81,0
S03297,MBA,1,Male,Hostel,5.98,0
S03298,EEE,4,Male,Hostel,9.33,0
S03299,ECE,3,Male,Day Scholar,6.73,1
S03300,CSE,1,Female,Hostel,7.6,1
S03301,BCA,3,Male,Hostel,8.68,1
S03302,IT,2,Male,Hostel,8.98,0
S03303,IT,1,Female,Day Scholar,7.87,0
S03304,Biotech,2,Male,Day Scholar,6.71,0
S03305,Civil,1,Male,Day Scholar,6.62,0
S03306,CSE,2,Female,Hostel,6.83,0
S03307,CSE,4,Male,Day Scholar,9.29,0
S03308,CSE,4,Female,Hostel,7.02,0
S03309,Mechanical,2,Female,Day Scholar,7.72,1
S03310,CSE,3,Male,Hostel,6.36,0
S03311,BCA,1,Female,Day Scholar,6.24,0
S03312,BCA,2,Female,Day Scholar,7.43,1
S03313,EEE,1,Male,Day Scholar,7.08,0
S03314,Mechanical,2,Female,Hostel,7.15,0
S03315,IT,1,Male,Day Scholar,5.92,1
S03316,CSE,4,Female,Day Scholar,7.33,1
S03317,MBA,4,Female,Hostel,8.95,1
S03318,CSE,2,Male,Day Scholar,6.55,0
S03319,CSE,3,Male,Day Scholar,8.3,1
S03320,IT,1,Male,Day Scholar,4.5,0
S03321,CSE,3,Female,Day Scholar,6.6,0
S03322,ECE,1,Female,Hostel,5.49,1
S03323,Civil,1,Male,Day Scholar,8.64,1
S03324,MBA,3,Male,Hostel,8.28,0
S03325,Mechanical,2,Female,Hostel,6.37,0
S03326,BBA,2,Male,Day Scholar,7.69,0
S03327,ECE,2,Male,Day Scholar,8.6,0
S03328,BBA,1,Male,Day Scholar,8.76,0
S03329,EEE,1,Female,Day Scholar,6.99,0
S03330,IT,3,Male,Hostel,5.19,0
S03331,BCA,3,Female,Day Scholar,6.5,0
S03332,IT,1,Female,Hostel,8.17,0
S03333,CSE,2,Male,Day Scholar,9.5,1
S03334,IT,3,Female,Day Scholar,7.35,1
S03335,ECE,3,Male,Day Scholar,6.79,0
S03336,IT,3,Male,Day Scholar,9.8,0
S03337,EEE,2,Female,Day Scholar,7.81,0
S03338,BCA,2,Male,Day Scholar,6.17,1
S03339,IT,2,Female,Day Scholar,7.28,0
S03340,EEE,2,Female,Hostel,8.4,1
S03341,IT,1,Male,Day Scholar,7.33,0
S03342,BBA,1,Female,Hostel,8.19,0
S03343,CSE,4,Female,Day Scholar,5.79,1
S03344,CSE,1,Male,Day Scholar,5.97,0
S03345,EEE,3,Male,Day Scholar,6.67,0
S03346,Civil,2,Female,Day Scholar,7.12,0
S03347,MBA,2,Male,Day Scholar,7.73,0
S03348,Mechanical,4,Male,Day Scholar,8.04,1
S03349,MBA,3,Male,Hostel,9.87,0
S03350,ECE,1,Male,Hostel,6.66,1
S03351,CSE,3,Male,Hostel,7.09,1
S03352,CSE,2,Female,Day Scholar,6.69,0
S03353,CSE,2,Female,Day Scholar,8.48,1
S03354,IT,3,Female,Day Scholar,8.53,1
S03355,EEE,3,Male,Hostel,6.95,0
S03356,IT,2,Male,Hostel,9.47,1
S03357,Mechanical,4,Male,Day Scholar,6.69,0
S03358,EEE,3,Male,Day Scholar,8.43,0
S03359,Civil,3,Female,Hostel,8.85,0
S03360,Civil,1,Male,Hostel,6.04,0
S03361,IT,1,Female,Hostel,7.98,1
S03362,IT,2,Male,Day Scholar,4.67,0
S03363,Mechanical,3,Female,Day Scholar,8.22,0
S03364,Mechanical,2,Female,Day Scholar,6.3,0
S03365,IT,3,Female,Day Scholar,7.97,0
S03366,IT,1,Female,Day Scholar,8.15,0
S03367,Civil,3,Female,Hostel,8.52,0
S03368,Mechanical,3,Female,Hostel,8.29,0
S03369,CSE,3,Male,Hostel,7.46,0
S03370,ECE,3,Male,Day Scholar,7.02,0
S03371,BCA,4,Female,Day Scholar,7.33,0
S03372,CSE,1,Male,Day Scholar,6.28,0
S03373,BBA,3,Female,Day Scholar,7.19,0
S03374,CSE,4,Male,Hostel,7.11,0
S03375,EEE,2,Female,Hostel,6.61,0
S03376,ECE,1,Male,Day Scholar,5.66,1
S03377,CSE,4,Female,Day Scholar,6.12,0
S03378,BCA,1,Male,Hostel,4.5,1
S03379,ECE,2,Male,Day Scholar,7.09,0
S03380,Biotech,1,Female,Day Scholar,7.76,1
S03381,IT,2,Male,Day Scholar,4.72,1
S03382,BBA,2,Male,Day Scholar,7.64,0
S03383,BCA,2,Female,Hostel,7.28,0
S03384,EEE,4,Female,Hostel,6.22,1
S03385,CSE,2,Male,Hostel,6.97,0
S03386,Civil,2,Female,Hostel,8.45,0
S03387,EEE,4,Male,Day Scholar,6.43,1
S03388,BCA,3,Male,Day Scholar,7.48,0
S03389,ECE,1,Female,Day Scholar,7.75,0
S03390,IT,1,Male,Hostel,6.58,0
S03391,CSE,3,Male,Hostel,8.41,0
S03392,Civil,4,Male,Day Scholar,7.8,0
S03393,Biotech,2,Female,Hostel,7.15,0
S03394,CSE,1,Female,Hostel,9.76,1
S03395,MBA,3,Male,Hostel,8.41,1
S03396,BCA,3,Female,Hostel,5.71,0
S03397,CSE,2,Female,Hostel,7.01,0
S03398,CSE,4,Male,Hostel,9.87,0
S03399,Civil,3,Female,Day Scholar,6.42,0
S03400,Mechanical,3,Male,Hostel,7.47,0
S03401,CSE,3,Male,Day Scholar,8.63,1
S03402,BBA,3,Male,Day Scholar,8.05,1
S03403,EEE,2,Male,Day Scholar,8.2,0
S03404,BCA,2,Female,Day Scholar,8.14,0
S03405,BBA,3,Female,Hostel,7.43,1
S03406,BBA,3,Female,Hostel,6.61,0
S03407,EEE,2,Male,Day Scholar,7.83,0
S03408,IT,1,Male,Day Scholar,7.0,0
S03409,EEE,3,Male,Hostel,6.92,0
S03410,CSE,3,Male,Day Scholar,8.88,0
S03411,Mechanical,2,Female,Day Scholar,7.02,0
S03412,CSE,2,Female,Day Scholar,9.11,0
S03413,EEE,1,Female,Day Scholar,7.66,1
S03414,CSE,4,Female,Day Scholar,7.24,0
S03415,IT,4,Male,Day Scholar,5.58,0
S03416,IT,2,Male,Day Scholar,9.52,1
S03417,Mechanical,2,Male,Day Scholar,7.39,0
S03418,MBA,3,Female,Day Scholar,5.13,0
S03419,CSE,2,Male,Hostel,8.39,0
S03420,BBA,4,Male,Day Scholar,7.35,0
S03421,BBA,1,Female,Day Scholar,6.47,0
S03422,IT,1,Male,Day Scholar,8.33,0
S03423,Mechanical,2,Female,Hostel,4.85,0
S03424,ECE,1,Male,Day Scholar,6.69,0
S03425,CSE,3,Male,Hostel,7.1,1
S03426,EEE,3,Male,Day Scholar,8.25,0
S03427,CSE,1,Female,Hostel,9.64,0
S03428,BBA,2,Female,Day Scholar,7.16,0
S03429,BCA,3,Male,Day Scholar,7.86,0
S03430,BBA,4,Female,Hostel,10.0,1
S03431,Mechanical,2,Female,Day Scholar,7.4,0
S03432,EEE,1,Female,Day Scholar,7.87,0
S03433,Biotech,3,Female,Hostel,6.16,0
S03434,IT,2,Female,Hostel,9.36,0
S03435,CSE,3,Male,Hostel,6.69,0
S03436,Mechanical,2,Male,Day Scholar,7.67,0
S03437,IT,1,Male,Day Scholar,7.64,0
S03438,IT,3,Male,Hostel,7.49,0
S03439,CSE,2,Female,Hostel,6.97,1
S03440,Mechanical,1,Female,Day Scholar,7.64,0
S03441,IT,2,Male,Hostel,9.16,0
S03442,CSE,4,Female,Day Scholar,9.68,1
S03443,CSE,3,Female,Hostel,7.22,0
S03444,ECE,1,Male,Day Scholar,6.95,0
S03445,BBA,3,Female,Day Scholar,6.59,1
S03446,IT,1,Male,Day Scholar,10.0,1
S03447,Civil,2,Male,Hostel,7.53,0
S03448,MBA,2,Male,Day Scholar,8.52,0
S03449,IT,1,Female,Day Scholar,8.1,0
S03450,BBA,2,Male,Day Scholar,9.61,0
S03451,Civil,4,Male,Hostel,7.15,0
S03452,EEE,1,Female,Hostel,6.29,0
S03453,CSE,3,Female,Day Scholar,9.26,0
S03454,CSE,3,Male,Day Scholar,8.3,1
S03455,Biotech,2,Male,Day Scholar,7.86,0
S03456,MBA,1,Female,Day Scholar,8.94,0
S03457,BCA,1,Female,Day Scholar,7.91,0
S03458,BCA,1,Male,Day Scholar,8.97,0
S03459,CSE,3,Male,Day Scholar,7.65,0
S03460,MBA,4,Male,Hostel,8.3,0
S03461,ECE,4,Female,Hostel,7.93,1
S03462,MBA,1,Female,Day Scholar,7.07,0
S03463,CSE,1,Female,Hostel,7.19,0
S03464,IT,1,Male,Day Scholar,7.01,0
S03465,MBA,4,Female,Hostel,7.67,1
S03466,MBA,1,Male,Hostel,6.94,0
S03467,Mechanical,1,Female,Day Scholar,7.84,0
S03468,IT,3,Male,Day Scholar,7.8,0
S03469,IT,2,Male,Day Scholar,7.61,0
S03470,Biotech,1,Male,Hostel,7.62,0
S03471,ECE,3,Male,Hostel,6.83,0
S03472,ECE,1,Male,Day Scholar,7.12,0
S03473,EEE,1,Female,Day Scholar,5.73,1
S03474,ECE,1,Female,Hostel,7.28,0
S03475,EEE,2,Male,Day Scholar,6.41,1
S03476,ECE,4,Male,Hostel,7.5,0
S03477,BBA,2,Male,Day Scholar,6.69,0
S03478,BCA,3,Female,Hostel,5.35,0
S03479,BCA,2,Male,Day Scholar,9.65,1
S03480,Mechanical,3,Male,Hostel,7.17,1
S03481,ECE,4,Male,Day Scholar,8.85,1
S03482,Civil,2,Male,Day Scholar,6.87,0
S03483,BBA,4,Female,Hostel,9.1,1
S03484,Mechanical,3,Male,Hostel,6.25,1
S03485,Civil,3,Male,Day Scholar,7.58,0
S03486,MBA,1,Female,Day Scholar,6.31,0
S03487,Civil,3,Male,Day Scholar,10.0,0
S03488,MBA,2,Female,Day Scholar,7.15,0
S03489,CSE,4,Male,Hostel,8.23,1
S03490,EEE,4,Female,Day Scholar,7.85,0
S03491,Mechanical,2,Female,Hostel,7.37,0
S03492,CSE,4,Male,Day Scholar,7.92,1
S03493,BBA,4,Female,Day Scholar,8.76,0
S03494,Mechanical,3,Male,Day Scholar,8.07,0
S03495,CSE,1,Male,Hostel,7.56,1
S03496,BBA,1,Female,Hostel,7.92,1
S03497,Civil,1,Female,Day Scholar,9.32,0
S03498,MBA,1,Male,Hostel,6.98,0
S03499,ECE,4,Male,Day Scholar,5.55,0
S03500,BBA,1,Male,Day Scholar,6.3,1
S03501,ECE,3,Female,Hostel,6.38,1
S03502,Mechanical,3,Female,Hostel,6.52,0
S03503,CSE,3,Male,Day Scholar,6.55,0
S03504,Mechanical,1,Other,Day Scholar,7.38,0
S03505,Civil,2,Male,Hostel,7.65,0
S03506,Mechanical,3,Female,Hostel,7.64,1
S03507,EEE,2,Female,Hostel,6.67,1
S03508,MBA,1,Female,Day Scholar,8.39,0
S03509,Civil,3,Male,Day Scholar,7.93,0
S03510,IT,1,Male,Day Scholar,8.98,0
S03511,Biotech,3,Male,Day Scholar,8.25,0
S03512,Civil,2,Female,Day Scholar,7.05,1
S03513,Biotech,1,Other,Day Scholar,8.71,0
S03514,Biotech,3,Male,Hostel,7.67,0
S03515,BCA,1,Male,Day Scholar,8.2,1
S03516,MBA,4,Male,Day Scholar,8.12,0
S03517,Mechanical,4,Female,Day Scholar,7.28,1
S03518,CSE,2,Female,Day Scholar,7.5,0
S03519,EEE,2,Male,Hostel,7.27,0
S03520,MBA,1,Female,Day Scholar,6.55,0
S03521,EEE,4,Male,Day Scholar,5.26,0
S03522,BBA,3,Female,Day Scholar,6.71,0
S03523,CSE,1,Male,Day Scholar,7.6,1
S03524,ECE,2,Male,Day Scholar,8.49,0
S03525,EEE,1,Female,Day Scholar,8.2,1
S03526,ECE,2,Female,Day Scholar,7.12,0
S03527,CSE,2,Male,Hostel,6.72,0
S03528,CSE,1,Female,Day Scholar,7.22,1
S03529,BBA,3,Male,Day Scholar,6.42,0
S03530,EEE,1,Male,Day Scholar,5.28,1
S03531,CSE,2,Female,Day Scholar,5.85,1
S03532,CSE,3,Female,Hostel,8.77,0
S03533,ECE,4,Male,Day Scholar,9.26,0
S03534,CSE,2,Female,Hostel,8.15,0
S03535,Civil,4,Female,Day Scholar,7.34,0
S03536,MBA,2,Male,Hostel,6.01,0
S03537,IT,4,Male,Hostel,7.24,0
S03538,Mechanical,1,Male,Hostel,8.01,0
S03539,CSE,3,Female,Hostel,8.23,0
S03540,IT,1,Female,Hostel,8.09,0
S03541,BCA,4,Male,Day Scholar,8.61,0
S03542,EEE,4,Male,Hostel,9.34,0
S03543,BCA,2,Male,Hostel,6.99,0
S03544,IT,2,Female,Hostel,10.0,0
S03545,IT,3,Female,Hostel,5.38,0
S03546,ECE,1,Male,Hostel,6.62,1
S03547,EEE,3,Female,Day Scholar,7.6,0
S03548,Biotech,3,Male,Day Scholar,7.95,0
S03549,CSE,2,Female,Hostel,7.22,1
S03550,BBA,1,Female,Day Scholar,6.9,0
S03551,BBA,4,Female,Hostel,9.6,0
S03552,EEE,1,Male,Day Scholar,6.86,0
S03553,IT,3,Female,Day Scholar,6.38,0
S03554,EEE,1,Female,Hostel,9.09,0
S03555,IT,1,Female,Hostel,8.25,0
S03556,MBA,1,Female,Day Scholar,8.49,1
S03557,EEE,2,Female,Hostel,7.6,1
S03558,BCA,3,Male,Hostel,6.02,0
S03559,Mechanical,2,Male,Day Scholar,7.48,0
S03560,EEE,3,Female,Day Scholar,5.89,0
S03561,Civil,3,Male,Hostel,7.64,0
S03562,EEE,1,Female,Day Scholar,8.05,0
S03563,BCA,1,Female,Hostel,8.48,0
S03564,CSE,3,Female,Hostel,7.31,0
S03565,Biotech,3,Female,Day Scholar,8.15,0
S03566,BBA,2,Female,Day Scholar,6.5,1
S03567,BBA,1,Female,Day Scholar,8.37,0
S03568,EEE,3,Male,Day Scholar,8.07,0
S03569,BBA,1,Male,Day Scholar,6.6,1
S03570,IT,3,Male,Day Scholar,7.93,1
S03571,MBA,1,Male,Day Scholar,8.49,0
S03572,CSE,3,Female,Hostel,7.48,0
S03573,IT,2,Male,Day Scholar,6.58,0
S03574,ECE,3,Female,Hostel,7.58,0
S03575,IT,1,Male,Day Scholar,7.95,0
S03576,ECE,2,Male,Hostel,6.57,0
S03577,BBA,1,Other,Day Scholar,6.39,0
S03578,IT,3,Male,Day Scholar,7.92,0
S03579,MBA,1,Female,Day Scholar,8.22,0
S03580,CSE,1,Male,Hostel,9.55,1
S03581,MBA,3,Male,Hostel,8.07,0
S03582,MBA,1,Male,Day Scholar,6.19,1
S03583,ECE,1,Female,Day Scholar,9.44,0
S03584,Civil,3,Male,Day Scholar,8.45,0
S03585,BCA,3,Female,Hostel,5.39,0
S03586,MBA,4,Female,Hostel,6.37,0
S03587,ECE,2,Male,Day Scholar,6.91,0
S03588,EEE,2,Male,Hostel,8.24,0
S03589,MBA,3,Male,Day Scholar,5.02,0
S03590,IT,1,Female,Day Scholar,7.28,0
S03591,MBA,3,Male,Hostel,8.18,1
S03592,IT,1,Male,Hostel,4.57,0
S03593,MBA,4,Female,Hostel,8.15,0
S03594,CSE,3,Male,Day Scholar,8.27,0
S03595,CSE,2,Female,Day Scholar,6.55,0
S03596,Biotech,2,Male,Hostel,6.25,0
S03597,BBA,1,Male,Day Scholar,6.54,0
S03598,BCA,2,Male,Hostel,4.73,1
S03599,Biotech,3,Female,Day Scholar,7.07,1
S03600,ECE,2,Female,Day Scholar,7.62,1
S03601,IT,2,Male,Hostel,6.18,0
S03602,CSE,1,Male,Hostel,8.37,0
S03603,EEE,3,Female,Day Scholar,7.5,0
S03604,IT,2,Male,Hostel,7.66,0
S03605,BCA,1,Female,Hostel,7.0,0
S03606,CSE,4,Male,Day Scholar,8.14,0
S03607,CSE,2,Male,Day Scholar,8.69,1
S03608,IT,2,Male,Day Scholar,6.99,0
S03609,CSE,4,Male,Day Scholar,8.16,0
S03610,IT,2,Female,Day Scholar,8.17,0
S03611,Mechanical,4,Male,Hostel,7.82,1
S03612,IT,3,Male,Hostel,9.08,0
S03613,Mechanical,3,Male,Day Scholar,6.67,0
S03614,BCA,1,Male,Hostel,6.98,0
S03615,Mechanical,1,Female,Day Scholar,6.62,1
S03616,Civil,2,Female,Hostel,8.13,0
S03617,ECE,1,Female,Hostel,7.13,0
S03618,CSE,1,Male,Day Scholar,6.7,0
S03619,IT,3,Male,Day Scholar,9.06,1
S03620,Biotech,3,Male,Hostel,9.21,1
S03621,Mechanical,1,Female,Day Scholar,7.07,0
S03622,IT,3,Male,Hostel,6.03,0
S03623,ECE,4,Male,Hostel,9.26,0
S03624,BBA,3,Female,Day Scholar,7.87,0
S03625,Civil,3,Male,Day Scholar,7.82,0
S03626,Mechanical,3,Female,Hostel,7.51,0
S03627,BCA,1,Male,Hostel,6.6,1
S03628,Civil,2,Female,Day Scholar,6.99,0
S03629,Mechanical,4,Female,Day Scholar,8.08,1
S03630,CSE,3,Male,Hostel,6.95,0
S03631,CSE,3,Female,Hostel,7.83,0
S03632,Biotech,4,Male,Hostel,7.41,0
S03633,Mechanical,1,Male,Day Scholar,6.34,1
S03634,ECE,2,Female,Day Scholar,9.02,0
S03635,Mechanical,3,Female,Hostel,7.99,1
S03636,CSE,1,Female,Hostel,7.73,0
S03637,BBA,2,Female,Hostel,7.96,0
S03638,CSE,3,Male,Day Scholar,5.61,1
S03639,MBA,3,Male,Day Scholar,6.91,0
S03640,EEE,1,Male,Day Scholar,5.87,1
S03641,IT,3,Male,Day Scholar,7.52,0
S03642,CSE,1,Male,Hostel,7.73,0
S03643,BBA,4,Male,Day Scholar,7.54,0
S03644,CSE,1,Male,Hostel,8.58,0
S03645,CSE,4,Female,Hostel,5.9,0
S03646,MBA,2,Male,Day Scholar,6.6,1
S03647,IT,2,Male,Day Scholar,7.81,0
S03648,ECE,2,Female,Hostel,7.66,0
S03649,IT,1,Female,Day Scholar,6.08,0
S03650,BBA,2,Male,Day Scholar,8.6,1
S03651,IT,4,Female,Day Scholar,8.94,0
S03652,CSE,3,Female,Day Scholar,7.83,0
S03653,IT,1,Female,Hostel,5.89,0
S03654,CSE,3,Male,Day Scholar,7.56,0
S03655,IT,4,Male,Hostel,7.74,0
S03656,CSE,3,Female,Hostel,7.13,0
S03657,CSE,2,Male,Hostel,8.75,0
S03658,ECE,1,Female,Day Scholar,7.28,1
S03659,BBA,4,Female,Day Scholar,9.5,1
S03660,CSE,2,Female,Day Scholar,8.18,0
S03661,CSE,2,Female,Day Scholar,7.68,0
S03662,BCA,3,Female,Day Scholar,8.32,0
S03663,BCA,1,Female,Day Scholar,8.93,0
S03664,Civil,4,Female,Day Scholar,8.3,0
S03665,IT,1,Male,Hostel,7.32,0
S03666,ECE,3,Female,Hostel,6.74,0
S03667,CSE,4,Female,Day Scholar,6.28,0
S03668,CSE,4,Female,Day Scholar,4.96,0
S03669,ECE,4,Male,Hostel,7.57,0
S03670,Mechanical,4,Male,Day Scholar,7.01,0
S03671,IT,1,Female,Hostel,7.07,0
S03672,Mechanical,4,Male,Hostel,8.43,0
S03673,IT,4,Female,Hostel,7.29,0
S03674,IT,2,Male,Hostel,9.3,0
S03675,MBA,2,Male,Hostel,6.83,0
S03676,BBA,1,Male,Day Scholar,6.43,0
S03677,IT,3,Female,Day Scholar,6.14,0
S03678,Mechanical,3,Male,Hostel,8.12,0
S03679,IT,2,Female,Hostel,8.55,0
S03680,CSE,2,Female,Day Scholar,6.81,1
S03681,MBA,2,Female,Hostel,6.34,0
S03682,CSE,1,Male,Day Scholar,8.93,0
S03683,ECE,4,Male,Day Scholar,5.95,0
S03684,EEE,1,Female,Day Scholar,8.41,1
S03685,CSE,1,Male,Hostel,6.83,0
S03686,CSE,1,Male,Day Scholar,7.8,1
S03687,IT,4,Female,Day Scholar,8.48,1
S03688,Biotech,4,Male,Day Scholar,7.88,0
S03689,Mechanical,1,Male,Day Scholar,7.1,0
S03690,ECE,1,Female,Day Scholar,8.8,1
S03691,CSE,2,Male,Hostel,7.69,1
S03692,Mechanical,1,Male,Day Scholar,10.0,1
S03693,CSE,3,Male,Day Scholar,5.69,0
S03694,EEE,1,Female,Day Scholar,5.68,1
S03695,MBA,2,Female,Day Scholar,8.39,0
S03696,ECE,2,Female,Day Scholar,7.37,1
S03697,IT,2,Female,Hostel,8.19,0
S03698,CSE,2,Male,Hostel,6.3,0
S03699,CSE,1,Female,Day Scholar,7.45,0
S03700,ECE,1,Male,Hostel,7.86,1
S03701,BCA,1,Female,Hostel,6.86,0
S03702,IT,1,Female,Day Scholar,7.63,0
S03703,Mechanical,4,Male,Day Scholar,6.04,1
S03704,Civil,1,Female,Day Scholar,7.79,0
S03705,CSE,2,Female,Hostel,8.85,0
S03706,CSE,1,Male,Hostel,6.16,0
S03707,IT,3,Female,Day Scholar,6.1,0
S03708,Civil,4,Female,Day Scholar,8.59,0
S03709,ECE,3,Male,Hostel,6.08,0
S03710,MBA,3,Male,Day Scholar,8.24,0
S03711,BBA,3,Female,Day Scholar,7.46,0
S03712,MBA,2,Male,Day Scholar,6.98,1
S03713,Biotech,4,Male,Day Scholar,8.87,1
S03714,MBA,3,Female,Hostel,8.33,0
S03715,BBA,1,Female,Day Scholar,7.68,0
S03716,BBA,2,Male,Day Scholar,5.25,0
S03717,MBA,1,Male,Hostel,8.11,0
S03718,MBA,1,Female,Hostel,6.33,0
S03719,BCA,4,Male,Day Scholar,7.18,0
S03720,ECE,1,Female,Day Scholar,7.41,1
S03721,Mechanical,3,Female,Day Scholar,9.3,0
S03722,EEE,4,Male,Hostel,7.15,1
S03723,BBA,2,Female,Hostel,5.98,0
S03724,ECE,2,Female,Day Scholar,8.87,0
S03725,BBA,3,Female,Hostel,8.13,1
S03726,MBA,3,Male,Hostel,8.16,0
S03727,Biotech,1,Male,Day Scholar,8.89,0
S03728,IT,1,Female,Day Scholar,9.12,0
S03729,Civil,3,Female,Day Scholar,6.51,0
S03730,MBA,4,Other,Hostel,6.01,0
S03731,BCA,1,Male,Day Scholar,8.24,1
S03732,BCA,2,Male,Day Scholar,7.14,1
S03733,Mechanical,4,Male,Day Scholar,7.23,1
S03734,Mechanical,1,Female,Hostel,6.28,0
S03735,CSE,1,Female,Day Scholar,7.98,1
S03736,Biotech,3,Female,Day Scholar,7.8,0
S03737,IT,1,Male,Hostel,7.24,0
S03738,Civil,1,Female,Hostel,6.01,0
S03739,MBA,3,Male,Hostel,8.61,0
S03740,ECE,3,Male,Day Scholar,7.66,0
S03741,CSE,2,Female,Hostel,8.52,0
S03742,CSE,2,Male,Day Scholar,5.3,0
S03743,BBA,2,Female,Hostel,7.46,1
S03744,EEE,3,Female,Day Scholar,6.68,1
S03745,CSE,3,Male,Day Scholar,7.44,1
S03746,Civil,3,Male,Day Scholar,8.34,0
S03747,IT,3,Male,Day Scholar,7.77,0
S03748,BBA,4,Female,Day Scholar,7.42,1
S03749,IT,4,Male,Day Scholar,7.41,1
S03750,CSE,1,Male,Day Scholar,5.84,0
S03751,CSE,4,Male,Day Scholar,6.49,0
S03752,EEE,4,Female,Day Scholar,8.52,0
S03753,ECE,2,Male,Day Scholar,6.89,1
S03754,MBA,1,Male,Hostel,8.54,0
S03755,ECE,3,Male,Day Scholar,8.23,0
S03756,IT,2,Male,Day Scholar,8.28,0
S03757,IT,3,Male,Day Scholar,7.73,1
S03758,IT,2,Male,Day Scholar,6.96,0
S03759,BCA,1,Female,Day Scholar,7.25,1
S03760,CSE,1,Male,Day Scholar,8.04,0
S03761,Biotech,4,Male,Hostel,5.27,0
S03762,IT,1,Other,Day Scholar,8.64,1
S03763,CSE,3,Male,Hostel,6.9,0
S03764,IT,1,Male,Hostel,7.31,0
S03765,CSE,2,Male,Day Scholar,7.32,1
S03766,MBA,2,Male,Hostel,7.36,0
S03767,EEE,1,Male,Hostel,6.09,0
S03768,IT,3,Female,Hostel,7.55,0
S03769,Civil,3,Male,Day Scholar,7.99,0
S03770,Mechanical,1,Female,Day Scholar,5.36,0
S03771,BCA,2,Female,Day Scholar,6.1,1
S03772,Biotech,3,Male,Hostel,8.3,1
S03773,Civil,3,Female,Hostel,8.11,0
S03774,BBA,2,Male,Hostel,7.7,0
S03775,MBA,3,Male,Hostel,6.72,0
S03776,EEE,1,Female,Hostel,8.12,0
S03777,Civil,1,Male,Hostel,6.2,0
S03778,CSE,3,Female,Day Scholar,7.26,0
S03779,MBA,3,Female,Day Scholar,6.09,0
S03780,Biotech,3,Male,Hostel,7.24,0
S03781,CSE,1,Male,Day Scholar,6.37,0
S03782,BBA,2,Female,Hostel,8.16,1
S03783,BCA,3,Male,Day Scholar,7.83,0
S03784,IT,1,Male,Day Scholar,6.83,0
S03785,EEE,2,Male,Day Scholar,8.49,0
S03786,BCA,3,Male,Day Scholar,6.44,1
S03787,Biotech,1,Other,Hostel,7.36,1
S03788,CSE,2,Male,Day Scholar,6.79,1
S03789,IT,1,Male,Day Scholar,8.14,0
S03790,Civil,4,Female,Day Scholar,8.04,0
S03791,IT,1,Female,Day Scholar,8.7,1
S03792,IT,1,Female,Day Scholar,7.48,1
S03793,CSE,1,Female,Day Scholar,4.5,1
S03794,CSE,1,Male,Day Scholar,6.97,0
S03795,Mechanical,1,Male,Hostel,8.97,0
S03796,Mechanical,3,Female,Hostel,7.08,0
S03797,Mechanical,1,Male,Day Scholar,5.48,1
S03798,MBA,1,Female,Day Scholar,7.85,0
S03799,ECE,1,Male,Hostel,7.92,0
S03800,IT,2,Female,Hostel,6.67,0
S03801,CSE,1,Female,Day Scholar,7.15,0
S03802,CSE,3,Female,Day Scholar,6.55,0
S03803,IT,3,Male,Day Scholar,7.92,0
S03804,CSE,3,Female,Hostel,7.46,1
S03805,CSE,1,Female,Hostel,6.23,1
S03806,CSE,4,Female,Day Scholar,7.39,0
S03807,Civil,3,Female,Hostel,6.67,0
S03808,Mechanical,1,Male,Day Scholar,8.86,0
S03809,BCA,2,Male,Day Scholar,8.29,0
S03810,MBA,3,Male,Hostel,7.28,1
S03811,Mechanical,2,Female,Day Scholar,7.48,0
S03812,CSE,2,Female,Hostel,8.41,1
S03813,Mechanical,3,Male,Day Scholar,7.23,0
S03814,CSE,1,Female,Day Scholar,8.16,0
S03815,ECE,4,Male,Day Scholar,8.88,0
S03816,ECE,1,Female,Day Scholar,6.91,0
S03817,ECE,1,Male,Hostel,9.05,0
S03818,IT,1,Male,Day Scholar,8.76,0
S03819,Civil,2,Male,Hostel,7.65,0
S03820,BBA,4,Female,Day Scholar,6.96,1
S03821,MBA,3,Female,Hostel,7.64,0
S03822,Mechanical,4,Male,Day Scholar,7.16,0
S03823,EEE,2,Male,Hostel,6.61,0
S03824,CSE,2,Female,Hostel,7.93,0
S03825,Civil,2,Male,Hostel,6.38,0
S03826,EEE,1,Female,Hostel,7.06,0
S03827,IT,4,Male,Hostel,7.07,0
S03828,IT,2,Female,Hostel,6.03,0
S03829,BCA,2,Female,Day Scholar,8.06,1
S03830,Mechanical,2,Male,Day Scholar,7.17,0
S03831,ECE,3,Female,Hostel,8.7,0
S03832,Mechanical,1,Male,Day Scholar,7.16,0
S03833,ECE,3,Female,Day Scholar,6.99,0
S03834,ECE,3,Female,Hostel,6.5,1
S03835,IT,4,Male,Hostel,7.44,0
S03836,ECE,1,Female,Day Scholar,7.44,1
S03837,Civil,1,Male,Day Scholar,8.14,0
S03838,CSE,2,Female,Day Scholar,7.47,0
S03839,MBA,4,Female,Day Scholar,9.49,0
S03840,IT,4,Female,Day Scholar,7.86,1
S03841,Civil,3,Male,Day Scholar,6.41,0
S03842,Mechanical,1,Female,Day Scholar,6.33,0
S03843,Mechanical,1,Male,Day Scholar,7.93,1
S03844,Mechanical,3,Male,Day Scholar,6.38,1
S03845,Biotech,1,Female,Day Scholar,7.99,0
S03846,EEE,2,Male,Day Scholar,8.3,0
S03847,MBA,4,Male,Hostel,8.32,1
S03848,Civil,2,Male,Hostel,6.53,1
S03849,IT,2,Other,Hostel,8.32,0
S03850,IT,1,Female,Hostel,7.72,0
S03851,ECE,1,Male,Day Scholar,6.79,1
S03852,IT,3,Male,Day Scholar,7.24,1
S03853,ECE,2,Female,Hostel,7.87,1
S03854,ECE,1,Male,Hostel,6.73,0
S03855,Mechanical,1,Female,Hostel,7.7,0
S03856,CSE,1,Female,Day Scholar,8.85,0
S03857,MBA,3,Female,Day Scholar,8.36,0
S03858,ECE,3,Male,Hostel,7.48,0
S03859,Civil,2,Female,Hostel,7.63,0
S03860,CSE,2,Female,Day Scholar,6.86,0
S03861,ECE,1,Male,Day Scholar,6.89,0
S03862,CSE,2,Female,Day Scholar,5.86,0
S03863,Civil,1,Male,Hostel,7.65,0
S03864,IT,4,Female,Hostel,8.08,0
S03865,BCA,1,Female,Day Scholar,7.33,0
S03866,IT,2,Male,Hostel,6.52,0
S03867,Mechanical,1,Male,Day Scholar,7.47,1
S03868,IT,3,Male,Day Scholar,8.74,0
S03869,Mechanical,1,Male,Hostel,8.3,0
S03870,ECE,4,Female,Day Scholar,7.37,0
S03871,ECE,1,Male,Day Scholar,9.45,1
S03872,CSE,3,Female,Day Scholar,10.0,0
S03873,CSE,3,Male,Hostel,6.92,0
S03874,CSE,1,Female,Day Scholar,7.15,1
S03875,Biotech,1,Female,Hostel,8.09,0
S03876,ECE,2,Female,Day Scholar,6.49,0
S03877,CSE,3,Female,Day Scholar,8.25,0
S03878,Biotech,4,Other,Hostel,7.5,1
S03879,CSE,1,Female,Day Scholar,7.77,0
S03880,ECE,2,Female,Day Scholar,6.82,0
S03881,Civil,1,Male,Day Scholar,6.61,0
S03882,BCA,1,Male,Hostel,5.41,0
S03883,Civil,3,Male,Day Scholar,8.88,1
S03884,ECE,2,Female,Day Scholar,8.34,0
S03885,Biotech,1,Female,Hostel,8.07,0
S03886,CSE,4,Female,Hostel,7.75,0
S03887,Biotech,3,Female,Day Scholar,5.1,0
S03888,BBA,3,Male,Day Scholar,6.65,0
S03889,BCA,1,Female,Day Scholar,7.14,0
S03890,IT,4,Male,Day Scholar,6.32,0
S03891,CSE,2,Male,Hostel,5.71,1
S03892,Civil,2,Female,Day Scholar,6.42,0
S03893,EEE,1,Male,Day Scholar,7.45,0
S03894,EEE,4,Female,Hostel,7.45,0
S03895,BCA,2,Female,Day Scholar,8.31,0
S03896,Mechanical,3,Female,Day Scholar,9.46,1
S03897,IT,3,Male,Hostel,8.09,0
S03898,ECE,3,Male,Day Scholar,7.22,0
S03899,CSE,3,Male,Day Scholar,9.2,0
S03900,CSE,4,Male,Day Scholar,5.82,1
S03901,CSE,1,Male,Hostel,5.32,1
S03902,BBA,1,Male,Hostel,6.51,0
S03903,Civil,3,Female,Day Scholar,8.21,0
S03904,EEE,2,Female,Day Scholar,7.57,0
S03905,ECE,3,Female,Hostel,6.27,0
S03906,Civil,3,Male,Day Scholar,6.67,0
S03907,BBA,2,Female,Hostel,6.16,1
S03908,BCA,3,Male,Day Scholar,6.16,0
S03909,EEE,2,Male,Day Scholar,8.95,0
S03910,BBA,4,Male,Hostel,7.26,1
S03911,EEE,1,Female,Day Scholar,9.17,0
S03912,ECE,3,Female,Day Scholar,6.51,0
S03913,BBA,4,Male,Day Scholar,7.89,1
S03914,ECE,1,Female,Day Scholar,7.63,0
S03915,ECE,2,Female,Hostel,8.28,0
S03916,IT,2,Male,Hostel,7.65,0
S03917,EEE,2,Female,Day Scholar,8.39,0
S03918,EEE,2,Male,Day Scholar,7.95,0
S03919,Civil,1,Male,Hostel,6.31,0
S03920,ECE,4,Female,Day Scholar,8.13,1
S03921,CSE,1,Male,Hostel,7.3,0
S03922,BBA,2,Female,Hostel,6.62,1
S03923,IT,3,Male,Day Scholar,8.09,0
S03924,BCA,1,Female,Day Scholar,8.32,0
S03925,CSE,1,Female,Day Scholar,6.92,0
S03926,Mechanical,4,Female,Hostel,7.05,0
S03927,EEE,3,Female,Hostel,6.01,0
S03928,BBA,1,Female,Hostel,5.6,1
S03929,CSE,3,Male,Day Scholar,7.16,0
S03930,BCA,2,Male,Day Scholar,8.19,0
S03931,EEE,1,Female,Hostel,6.83,0
S03932,Mechanical,3,Male,Day Scholar,8.83,0
S03933,EEE,2,Male,Day Scholar,7.19,1
S03934,CSE,1,Female,Hostel,7.2,0
S03935,EEE,4,Male,Hostel,7.11,0
S03936,IT,1,Male,Day Scholar,8.38,0
S03937,IT,1,Female,Hostel,6.44,0
S03938,Mechanical,1,Female,Hostel,7.27,0
S03939,EEE,3,Female,Hostel,6.85,0
S03940,CSE,3,Male,Day Scholar,6.84,1
S03941,CSE,4,Male,Day Scholar,7.44,0
S03942,CSE,1,Female,Day Scholar,7.29,0
S03943,CSE,3,Male,Hostel,8.45,0
S03944,Mechanical,2,Female,Day Scholar,7.39,0
S03945,CSE,2,Male,Hostel,7.96,0
S03946,BCA,1,Male,Day Scholar,7.57,0
S03947,CSE,3,Male,Day Scholar,8.8,1
S03948,CSE,1,Male,Day Scholar,7.1,0
S03949,BBA,3,Male,Hostel,7.1,0
S03950,IT,2,Female,Day Scholar,8.15,1
S03951,ECE,1,Female,Hostel,7.08,0
S03952,Biotech,4,Male,Hostel,7.9,0
S03953,BCA,3,Female,Day Scholar,9.74,0
S03954,Civil,2,Male,Hostel,6.42,1
S03955,CSE,3,Male,Hostel,8.93,1
S03956,Mechanical,2,Female,Day Scholar,6.91,1
S03957,Biotech,3,Female,Day Scholar,8.74,1
S03958,BCA,1,Female,Day Scholar,8.09,1
S03959,CSE,2,Male,Hostel,8.0,0
S03960,ECE,2,Male,Day Scholar,7.25,0
S03961,IT,2,Female,Hostel,7.15,0
S03962,CSE,2,Female,Day Scholar,6.68,0
S03963,Civil,1,Female,Hostel,7.41,1
S03964,IT,4,Female,Hostel,7.22,0
S03965,IT,1,Male,Day Scholar,7.59,0
S03966,CSE,1,Female,Hostel,5.99,1
S03967,EEE,2,Female,Day Scholar,7.42,1
S03968,CSE,3,Male,Hostel,8.66,0
S03969,ECE,1,Male,Hostel,8.34,0
S03970,CSE,2,Female,Hostel,7.42,0
S03971,Biotech,3,Male,Hostel,9.96,1
S03972,CSE,1,Female,Hostel,6.82,0
S03973,EEE,4,Female,Hostel,7.31,0
S03974,CSE,2,Male,Hostel,5.95,0
S03975,CSE,3,Male,Day Scholar,7.0,1
S03976,CSE,1,Female,Day Scholar,9.19,0
S03977,CSE,3,Male,Hostel,7.03,0
S03978,CSE,4,Female,Hostel,5.87,0
S03979,EEE,1,Male,Hostel,8.27,0
S03980,Mechanical,1,Female,Hostel,7.79,1
S03981,CSE,1,Male,Day Scholar,8.23,1
S03982,ECE,1,Male,Hostel,7.1,1
S03983,Mechanical,4,Female,Day Scholar,6.39,0
S03984,IT,3,Male,Day Scholar,7.22,0
S03985,ECE,3,Male,Hostel,7.95,0
S03986,CSE,4,Male,Hostel,7.33,0
S03987,IT,4,Female,Hostel,7.79,0
S03988,ECE,3,Female,Hostel,6.86,1
S03989,Biotech,2,Male,Day Scholar,7.83,0
S03990,Biotech,2,Male,Hostel,7.4,0
S03991,Biotech,1,Male,Hostel,6.69,0
S03992,ECE,2,Female,Hostel,7.54,0
S03993,CSE,2,Male,Day Scholar,7.01,0
S03994,IT,1,Female,Hostel,8.02,1
S03995,IT,2,Male,Day Scholar,8.27,1
S03996,CSE,2,Female,Hostel,7.9,0
S03997,CSE,2,Female,Hostel,5.77,0
S03998,ECE,1,Male,Day Scholar,6.44,0
S03999,IT,2,Female,Day Scholar,6.76,1
S04000,CSE,2,Male,Hostel,6.6,0
S04001,Civil,3,Female,Day Scholar,6.86,0
S04002,IT,3,Male,Hostel,8.33,0
S04003,BBA,1,Male,Hostel,8.1,1
S04004,IT,1,Male,Hostel,6.98,0
S04005,EEE,2,Male,Day Scholar,7.99,0
S04006,CSE,1,Female,Day Scholar,7.73,0
S04007,EEE,2,Female,Day Scholar,7.37,1
S04008,CSE,4,Male,Day Scholar,8.55,1
S04009,CSE,1,Male,Day Scholar,6.74,0
S04010,Mechanical,2,Female,Day Scholar,7.45,1
S04011,IT,3,Male,Hostel,6.35,0
S04012,CSE,2,Male,Day Scholar,6.4,0
S04013,BCA,1,Female,Day Scholar,6.04,1
S04014,CSE,1,Male,Hostel,6.41,0
S04015,Mechanical,4,Male,Hostel,7.48,0
S04016,EEE,1,Male,Day Scholar,7.1,0
S04017,IT,3,Male,Hostel,7.13,0
S04018,ECE,3,Female,Hostel,7.1,0
S04019,CSE,1,Female,Day Scholar,9.17,0
S04020,Civil,3,Other,Day Scholar,6.26,1
S04021,IT,1,Male,Hostel,6.16,0
S04022,CSE,1,Female,Hostel,6.55,0
S04023,IT,2,Female,Day Scholar,7.33,1
S04024,BCA,4,Female,Day Scholar,7.91,0
S04025,MBA,1,Female,Day Scholar,8.02,1
S04026,BCA,1,Other,Hostel,8.34,0
S04027,Mechanical,4,Female,Hostel,7.29,0
S04028,Civil,1,Other,Hostel,7.0,0
S04029,EEE,4,Female,Day Scholar,9.03,0
S04030,BCA,3,Male,Day Scholar,4.62,0
S04031,EEE,2,Female,Day Scholar,7.46,0
S04032,IT,3,Female,Hostel,7.83,0
S04033,Mechanical,3,Male,Day Scholar,9.27,0
S04034,EEE,1,Male,Hostel,5.74,1
S04035,CSE,4,Male,Hostel,6.98,0
S04036,ECE,4,Female,Day Scholar,6.04,0
S04037,IT,4,Male,Day Scholar,5.6,0
S04038,BBA,3,Male,Day Scholar,7.2,0
S04039,ECE,2,Male,Day Scholar,8.23,0
S04040,BBA,2,Male,Day Scholar,8.61,0
S04041,ECE,1,Female,Hostel,6.87,1
S04042,MBA,2,Male,Hostel,8.07,0
S04043,CSE,3,Male,Hostel,7.2,1
S04044,BCA,3,Male,Hostel,7.96,1
S04045,EEE,2,Female,Day Scholar,8.55,0
S04046,IT,2,Female,Hostel,7.21,0
S04047,IT,3,Male,Hostel,8.48,0
S04048,IT,2,Male,Hostel,6.19,0
S04049,ECE,4,Female,Day Scholar,8.06,1
S04050,Civil,3,Female,Day Scholar,8.43,0
S04051,BCA,1,Female,Day Scholar,8.33,1
S04052,Civil,1,Male,Hostel,6.21,0
S04053,EEE,3,Female,Day Scholar,7.19,0
S04054,ECE,2,Female,Hostel,7.7,1
S04055,BBA,4,Male,Day Scholar,7.84,0
S04056,BBA,1,Female,Hostel,7.52,0
S04057,IT,1,Female,Day Scholar,8.83,0
S04058,Biotech,2,Female,Day Scholar,6.1,0
S04059,ECE,3,Female,Day Scholar,7.16,1
S04060,MBA,4,Male,Day Scholar,5.71,0
S04061,Biotech,4,Male,Hostel,8.02,0
S04062,Civil,2,Male,Hostel,7.95,0
S04063,CSE,3,Female,Hostel,10.0,0
S04064,Mechanical,1,Male,Hostel,8.43,0
S04065,CSE,2,Male,Day Scholar,7.73,1
S04066,MBA,4,Female,Day Scholar,7.65,1
S04067,IT,2,Male,Day Scholar,7.08,0
S04068,Civil,4,Female,Day Scholar,7.53,0
S04069,BCA,1,Male,Hostel,7.68,0
S04070,CSE,1,Male,Hostel,5.44,1
S04071,ECE,2,Male,Hostel,7.6,1
S04072,Mechanical,4,Male,Hostel,7.5,0
S04073,ECE,2,Male,Day Scholar,9.15,0
S04074,CSE,3,Male,Day Scholar,7.27,1
S04075,CSE,1,Female,Day Scholar,6.63,1
S04076,ECE,3,Male,Day Scholar,7.67,0
S04077,Mechanical,2,Male,Day Scholar,7.47,0
S04078,Mechanical,1,Male,Day Scholar,7.27,1
S04079,CSE,3,Male,Day Scholar,6.12,0
S04080,ECE,3,Male,Day Scholar,7.24,1
S04081,ECE,2,Male,Day Scholar,6.82,0
S04082,IT,1,Female,Hostel,7.18,0
S04083,Civil,1,Female,Day Scholar,8.13,0
S04084,IT,4,Female,Hostel,6.73,0
S04085,EEE,3,Female,Hostel,7.18,0
S04086,BCA,3,Male,Day Scholar,7.94,0
S04087,EEE,3,Male,Hostel,7.13,1
S04088,Mechanical,3,Male,Hostel,10.0,0
S04089,CSE,1,Female,Hostel,7.65,0
S04090,CSE,2,Male,Day Scholar,6.16,0
S04091,CSE,3,Male,Day Scholar,6.56,0
S04092,MBA,1,Female,Day Scholar,6.46,0
S04093,BBA,1,Male,Day Scholar,6.57,0
S04094,CSE,3,Male,Hostel,7.94,0
S04095,CSE,4,Female,Day Scholar,6.29,1
S04096,IT,3,Male,Day Scholar,7.07,0
S04097,Mechanical,1,Male,Hostel,8.54,0
S04098,Mechanical,4,Male,Day Scholar,6.88,0
S04099,Civil,1,Male,Day Scholar,8.07,0
S04100,BCA,1,Female,Hostel,5.72,1
S04101,IT,4,Female,Day Scholar,7.03,0
S04102,Mechanical,3,Male,Hostel,6.51,1
S04103,EEE,4,Male,Day Scholar,7.7,0
S04104,IT,3,Male,Day Scholar,6.37,0
S04105,BCA,3,Female,Hostel,9.47,0
S04106,CSE,1,Male,Day Scholar,5.76,0
S04107,Civil,2,Male,Day Scholar,8.54,0
S04108,Civil,4,Female,Hostel,8.28,0
S04109,BCA,4,Female,Day Scholar,7.71,0
S04110,EEE,2,Female,Day Scholar,7.45,0
S04111,IT,2,Female,Day Scholar,9.25,1
S04112,BBA,1,Male,Day Scholar,9.87,0
S04113,MBA,2,Female,Hostel,7.19,0
S04114,EEE,4,Female,Hostel,7.56,1
S04115,MBA,1,Male,Day Scholar,6.85,0
S04116,IT,2,Male,Hostel,6.23,0
S04117,Mechanical,4,Male,Day Scholar,7.86,0
S04118,BBA,2,Other,Day Scholar,7.65,0
S04119,IT,2,Female,Day Scholar,5.79,0
S04120,EEE,2,Female,Day Scholar,7.86,0
S04121,Biotech,1,Male,Day Scholar,7.68,1
S04122,MBA,1,Female,Day Scholar,6.8,1
S04123,BCA,1,Male,Day Scholar,6.73,0
S04124,ECE,1,Male,Hostel,7.82,0
S04125,Biotech,1,Female,Day Scholar,9.01,0
S04126,CSE,2,Female,Hostel,7.8,0
S04127,EEE,1,Female,Hostel,8.18,0
S04128,ECE,4,Male,Hostel,6.57,0
S04129,MBA,1,Male,Day Scholar,6.99,1
S04130,BCA,2,Male,Day Scholar,8.01,0
S04131,MBA,4,Male,Day Scholar,6.04,1
S04132,Mechanical,1,Female,Hostel,7.61,0
S04133,ECE,2,Male,Hostel,7.89,1
S04134,EEE,4,Male,Hostel,7.36,1
S04135,EEE,2,Male,Hostel,7.72,0
S04136,CSE,1,Female,Hostel,7.46,1
S04137,EEE,3,Female,Day Scholar,6.78,0
S04138,BBA,3,Male,Hostel,6.22,1
S04139,Civil,2,Male,Day Scholar,7.31,0
S04140,MBA,1,Female,Hostel,8.7,1
S04141,ECE,1,Female,Day Scholar,8.42,0
S04142,EEE,3,Male,Day Scholar,7.05,1
S04143,CSE,2,Male,Day Scholar,7.03,1
S04144,ECE,1,Other,Hostel,6.96,0
S04145,ECE,2,Female,Day Scholar,6.96,0
S04146,IT,4,Male,Hostel,7.69,0
S04147,CSE,1,Male,Day Scholar,8.46,0
S04148,Civil,1,Male,Hostel,9.66,0
S04149,ECE,2,Male,Day Scholar,6.57,0
S04150,ECE,3,Male,Day Scholar,8.05,0
S04151,IT,2,Male,Day Scholar,7.94,0
S04152,EEE,4,Male,Day Scholar,7.07,0
S04153,ECE,1,Male,Hostel,6.37,0
S04154,ECE,2,Male,Day Scholar,7.68,0
S04155,Mechanical,2,Male,Hostel,9.52,0
S04156,CSE,2,Female,Hostel,7.67,0
S04157,BCA,2,Male,Hostel,6.61,0
S04158,CSE,3,Female,Hostel,7.24,0
S04159,ECE,2,Female,Hostel,6.26,0
S04160,CSE,3,Female,Day Scholar,7.42,0
S04161,EEE,1,Male,Hostel,8.08,0
S04162,IT,2,Male,Day Scholar,6.71,0
S04163,BBA,2,Female,Hostel,4.5,1
S04164,ECE,2,Male,Day Scholar,7.68,0
S04165,Mechanical,1,Male,Hostel,6.9,1
S04166,IT,4,Male,Hostel,6.65,0
S04167,CSE,4,Female,Day Scholar,6.64,0
S04168,ECE,3,Female,Day Scholar,7.8,0
S04169,EEE,4,Male,Day Scholar,6.99,1
S04170,ECE,1,Female,Hostel,8.33,1
S04171,Biotech,2,Female,Day Scholar,8.35,0
S04172,Civil,2,Male,Day Scholar,7.13,1
S04173,Biotech,4,Male,Day Scholar,6.88,0
S04174,IT,1,Male,Hostel,7.53,0
S04175,MBA,1,Female,Hostel,7.25,0
S04176,EEE,3,Female,Hostel,5.65,0
S04177,Mechanical,1,Female,Day Scholar,9.31,0
S04178,Biotech,3,Female,Hostel,8.11,1
S04179,Mechanical,1,Male,Hostel,6.94,0
S04180,BCA,3,Female,Day Scholar,5.48,1
S04181,Civil,4,Female,Day Scholar,7.22,0
S04182,CSE,3,Female,Day Scholar,6.81,0
S04183,Civil,1,Male,Day Scholar,7.34,1
S04184,EEE,1,Male,Hostel,5.24,0
S04185,BCA,1,Male,Day Scholar,6.93,0
S04186,MBA,1,Male,Hostel,6.99,0
S04187,CSE,2,Female,Hostel,7.21,0
S04188,CSE,2,Female,Day Scholar,7.16,1
S04189,CSE,1,Female,Hostel,7.45,0
S04190,EEE,1,Male,Day Scholar,8.92,0
S04191,CSE,4,Male,Day Scholar,6.88,1
S04192,Civil,1,Male,Hostel,6.49,0
S04193,EEE,2,Female,Hostel,5.67,0
S04194,BBA,2,Female,Hostel,6.89,0
S04195,IT,1,Male,Hostel,6.0,0
S04196,EEE,4,Female,Day Scholar,8.36,0
S04197,CSE,1,Female,Day Scholar,7.3,0
S04198,BCA,3,Male,Hostel,8.34,0
S04199,CSE,3,Male,Hostel,8.87,1
S04200,CSE,3,Male,Day Scholar,6.53,0
S04201,CSE,3,Male,Day Scholar,7.05,1
S04202,MBA,3,Female,Day Scholar,8.73,0
S04203,CSE,2,Male,Hostel,7.59,0
S04204,Mechanical,2,Female,Day Scholar,7.92,0
S04205,MBA,3,Female,Hostel,8.43,0
S04206,MBA,2,Male,Day Scholar,8.3,1
S04207,CSE,2,Female,Hostel,7.81,0
S04208,CSE,1,Male,Day Scholar,8.8,0
S04209,ECE,1,Female,Hostel,7.33,0
S04210,CSE,2,Male,Day Scholar,7.92,0
S04211,Civil,1,Female,Hostel,7.22,0
S04212,IT,2,Male,Day Scholar,8.42,0
S04213,ECE,1,Male,Hostel,6.7,0
S04214,CSE,2,Male,Day Scholar,5.72,0
S04215,Mechanical,3,Female,Hostel,8.05,0
S04216,CSE,2,Female,Day Scholar,6.38,0
S04217,Civil,3,Female,Day Scholar,6.28,0
S04218,CSE,1,Male,Hostel,8.66,0
S04219,Biotech,1,Female,Hostel,8.37,0
S04220,Civil,3,Female,Hostel,7.06,0
S04221,CSE,3,Male,Hostel,4.5,0
S04222,CSE,3,Male,Day Scholar,7.93,0
S04223,IT,3,Male,Hostel,8.06,1
S04224,CSE,3,Female,Hostel,7.92,1
S04225,CSE,3,Male,Hostel,7.87,0
S04226,BBA,3,Male,Hostel,7.22,0
S04227,Mechanical,3,Female,Hostel,6.99,0
S04228,CSE,1,Female,Day Scholar,6.29,0
S04229,EEE,1,Male,Hostel,6.7,0
S04230,IT,2,Female,Day Scholar,7.72,0
S04231,Biotech,2,Male,Day Scholar,7.74,0
S04232,CSE,3,Female,Hostel,8.19,1
S04233,MBA,2,Male,Day Scholar,5.99,1
S04234,MBA,1,Male,Day Scholar,5.74,1
S04235,CSE,3,Female,Day Scholar,7.02,0
S04236,CSE,1,Male,Hostel,6.38,0
S04237,ECE,3,Female,Day Scholar,7.59,0
S04238,BBA,1,Male,Hostel,6.09,0
S04239,EEE,2,Male,Day Scholar,8.58,1
S04240,Mechanical,2,Female,Hostel,6.58,0
S04241,MBA,1,Female,Hostel,8.99,0
S04242,BBA,1,Female,Day Scholar,7.92,0
S04243,ECE,1,Female,Hostel,6.34,0
S04244,EEE,2,Male,Hostel,9.49,0
S04245,Civil,2,Male,Day Scholar,7.67,1
S04246,IT,3,Male,Hostel,7.57,0
S04247,BBA,1,Male,Hostel,7.33,0
S04248,CSE,2,Male,Hostel,7.87,1
S04249,CSE,1,Male,Day Scholar,7.93,1
S04250,MBA,4,Female,Day Scholar,6.54,0
S04251,IT,3,Male,Day Scholar,7.19,1
S04252,CSE,4,Female,Day Scholar,7.52,0
S04253,CSE,4,Male,Day Scholar,7.98,1
S04254,EEE,2,Male,Day Scholar,8.0,0
S04255,BBA,3,Male,Day Scholar,7.56,0
S04256,CSE,2,Male,Day Scholar,6.85,0
S04257,CSE,4,Female,Day Scholar,6.8,0
S04258,ECE,2,Male,Hostel,6.21,1
S04259,Biotech,2,Female,Hostel,7.99,0
S04260,IT,4,Female,Hostel,6.78,1
S04261,Biotech,4,Male,Day Scholar,7.21,0
S04262,BCA,4,Female,Day Scholar,7.64,0
S04263,IT,1,Female,Day Scholar,7.4,0
S04264,BBA,1,Male,Day Scholar,7.39,0
S04265,Civil,2,Female,Day Scholar,6.5,0
S04266,EEE,2,Male,Day Scholar,7.67,0
S04267,ECE,2,Female,Day Scholar,7.09,0
S04268,BBA,1,Male,Hostel,7.31,0
S04269,MBA,3,Female,Day Scholar,8.56,0
S04270,MBA,1,Female,Hostel,7.91,0
S04271,Biotech,3,Female,Hostel,6.83,1
S04272,ECE,4,Other,Hostel,7.25,0
S04273,MBA,3,Male,Hostel,9.0,0
S04274,BBA,2,Female,Hostel,7.09,0
S04275,CSE,1,Male,Hostel,7.44,0
S04276,CSE,1,Male,Day Scholar,8.06,0
S04277,ECE,3,Male,Hostel,7.62,0
S04278,BBA,2,Female,Day Scholar,7.03,0
S04279,IT,1,Female,Hostel,6.66,0
S04280,Civil,4,Male,Day Scholar,7.39,1
S04281,CSE,3,Female,Day Scholar,8.06,1
S04282,IT,4,Female,Day Scholar,8.72,0
S04283,Mechanical,2,Male,Day Scholar,5.93,0
S04284,CSE,4,Male,Day Scholar,9.16,0
S04285,BCA,1,Female,Hostel,7.11,1
S04286,CSE,1,Female,Hostel,8.32,1
S04287,BCA,4,Male,Day Scholar,6.66,1
S04288,CSE,4,Male,Hostel,5.79,1
S04289,Biotech,2,Male,Hostel,6.09,0
S04290,Mechanical,1,Male,Day Scholar,7.07,0
S04291,CSE,2,Male,Hostel,7.92,0
S04292,CSE,3,Male,Day Scholar,7.43,0
S04293,CSE,4,Male,Hostel,7.15,0
S04294,Mechanical,2,Female,Hostel,8.52,0
S04295,MBA,1,Male,Hostel,7.4,1
S04296,ECE,3,Male,Day Scholar,7.68,0
S04297,ECE,3,Male,Day Scholar,10.0,0
S04298,Mechanical,2,Female,Day Scholar,7.39,0
S04299,EEE,3,Male,Hostel,6.7,0
S04300,Civil,4,Male,Hostel,7.88,0
S04301,ECE,1,Male,Day Scholar,8.13,0
S04302,Civil,2,Female,Hostel,7.7,0
S04303,Biotech,3,Male,Hostel,7.56,0
S04304,IT,2,Male,Day Scholar,8.88,0
S04305,CSE,4,Female,Day Scholar,8.76,1
S04306,CSE,3,Female,Hostel,7.28,0
S04307,EEE,2,Male,Hostel,6.76,0
S04308,IT,1,Male,Day Scholar,7.83,0
S04309,BCA,3,Female,Day Scholar,6.75,0
S04310,Mechanical,1,Female,Day Scholar,8.29,0
S04311,EEE,1,Female,Day Scholar,7.82,1
S04312,MBA,2,Female,Day Scholar,10.0,0
S04313,IT,2,Female,Day Scholar,8.87,0
S04314,BBA,4,Female,Day Scholar,6.32,0
S04315,CSE,3,Male,Day Scholar,6.88,0
S04316,Mechanical,4,Other,Hostel,5.49,0
S04317,BCA,2,Female,Day Scholar,5.26,0
S04318,MBA,2,Female,Day Scholar,7.51,0
S04319,BBA,4,Male,Hostel,6.21,0
S04320,ECE,2,Male,Day Scholar,9.04,1
S04321,BBA,3,Female,Day Scholar,8.56,0
S04322,EEE,2,Female,Hostel,7.13,0
S04323,Mechanical,1,Male,Day Scholar,7.07,1
S04324,CSE,3,Female,Hostel,8.89,0
S04325,CSE,1,Male,Day Scholar,9.11,0
S04326,EEE,1,Male,Day Scholar,6.47,1
S04327,CSE,1,Female,Day Scholar,6.34,1
S04328,MBA,1,Female,Day Scholar,7.1,0
S04329,BBA,2,Male,Day Scholar,7.83,0
S04330,BCA,4,Male,Day Scholar,6.89,0
S04331,CSE,2,Male,Day Scholar,7.85,1
S04332,BCA,4,Female,Hostel,9.35,0
S04333,CSE,2,Female,Day Scholar,5.99,0
S04334,ECE,1,Female,Day Scholar,6.95,1
S04335,BBA,1,Female,Day Scholar,6.01,0
S04336,CSE,4,Male,Hostel,6.56,0
S04337,CSE,3,Male,Hostel,7.11,0
S04338,CSE,4,Female,Hostel,6.67,1
S04339,EEE,2,Male,Hostel,7.92,0
S04340,BBA,3,Male,Hostel,7.55,0
S04341,CSE,3,Male,Hostel,7.7,1
S04342,CSE,4,Female,Day Scholar,7.09,1
S04343,Mechanical,1,Male,Hostel,7.19,0
S04344,IT,4,Male,Day Scholar,7.05,0
S04345,MBA,2,Female,Hostel,7.15,1
S04346,BCA,4,Male,Day Scholar,7.82,0
S04347,MBA,2,Male,Day Scholar,5.48,1
S04348,BBA,2,Female,Day Scholar,7.69,0
S04349,EEE,2,Other,Day Scholar,6.53,0
S04350,BBA,3,Male,Day Scholar,7.06,1
S04351,CSE,1,Male,Hostel,5.84,0
S04352,CSE,2,Male,Day Scholar,7.04,1
S04353,Mechanical,2,Male,Hostel,7.68,0
S04354,CSE,3,Female,Day Scholar,7.86,0
S04355,BCA,2,Female,Day Scholar,6.21,0
S04356,Civil,3,Male,Hostel,7.81,0
S04357,Biotech,2,Female,Day Scholar,8.54,0
S04358,IT,3,Male,Hostel,6.91,0
S04359,EEE,3,Male,Day Scholar,7.4,0
S04360,MBA,3,Female,Day Scholar,5.33,0
S04361,IT,3,Male,Day Scholar,6.5,0
S04362,EEE,2,Male,Day Scholar,7.67,0
S04363,Mechanical,1,Female,Hostel,8.36,0
S04364,Biotech,3,Male,Day Scholar,6.8,0
S04365,MBA,1,Male,Day Scholar,10.0,0
S04366,CSE,1,Male,Hostel,7.71,1
S04367,ECE,3,Male,Hostel,6.13,0
S04368,Mechanical,2,Male,Hostel,8.69,1
S04369,CSE,2,Male,Day Scholar,6.15,0
S04370,ECE,4,Male,Day Scholar,7.73,0
S04371,IT,1,Male,Hostel,6.47,0
S04372,CSE,1,Female,Hostel,6.04,0
S04373,EEE,1,Female,Day Scholar,8.36,1
S04374,CSE,1,Female,Hostel,7.14,0
S04375,Mechanical,3,Female,Hostel,9.13,1
S04376,CSE,3,Female,Day Scholar,6.38,1
S04377,Civil,2,Male,Hostel,5.84,0
S04378,CSE,1,Male,Day Scholar,6.92,0
S04379,BCA,2,Male,Hostel,10.0,0
S04380,CSE,1,Male,Day Scholar,8.23,0
S04381,EEE,3,Other,Hostel,7.95,0
S04382,IT,3,Male,Hostel,7.99,0
S04383,IT,1,Female,Day Scholar,6.92,0
S04384,ECE,3,Male,Day Scholar,10.0,0
S04385,BBA,3,Male,Day Scholar,7.86,0
S04386,BCA,2,Male,Hostel,7.76,0
S04387,IT,3,Male,Day Scholar,8.38,1
S04388,CSE,3,Male,Day Scholar,6.13,0
S04389,Civil,1,Female,Hostel,6.52,0
S04390,Mechanical,1,Male,Day Scholar,7.15,0
S04391,CSE,3,Female,Hostel,8.39,0
S04392,MBA,4,Female,Day Scholar,6.1,0
S04393,EEE,2,Male,Day Scholar,7.33,0
S04394,Mechanical,2,Female,Hostel,7.19,1
S04395,IT,3,Male,Day Scholar,5.83,0
S04396,ECE,2,Male,Hostel,6.89,0
S04397,CSE,1,Male,Day Scholar,7.94,0
S04398,MBA,2,Female,Day Scholar,5.92,1
S04399,CSE,4,Female,Day Scholar,8.81,0
S04400,MBA,3,Female,Hostel,7.87,1
S04401,MBA,4,Female,Hostel,7.75,0
S04402,MBA,1,Male,Day Scholar,7.41,0
S04403,CSE,2,Female,Day Scholar,6.31,1
S04404,IT,3,Female,Day Scholar,6.75,0
S04405,ECE,1,Male,Hostel,7.76,0
S04406,Mechanical,1,Male,Day Scholar,6.75,0
S04407,BCA,3,Male,Day Scholar,7.59,0
S04408,ECE,3,Male,Day Scholar,6.5,0
S04409,BBA,3,Female,Hostel,7.85,0
S04410,CSE,1,Male,Day Scholar,7.93,1
S04411,ECE,2,Male,Hostel,5.77,0
S04412,CSE,1,Female,Day Scholar,7.47,1
S04413,MBA,1,Female,Day Scholar,5.88,0
S04414,CSE,2,Female,Day Scholar,5.54,0
S04415,IT,2,Male,Hostel,6.81,1
S04416,MBA,4,Female,Day Scholar,10.0,0
S04417,EEE,2,Male,Day Scholar,8.18,1
S04418,CSE,1,Female,Hostel,8.79,0
S04419,CSE,1,Male,Hostel,8.01,1
S04420,EEE,3,Male,Hostel,7.61,0
S04421,IT,1,Female,Day Scholar,8.3,0
S04422,CSE,1,Female,Hostel,6.76,0
S04423,Mechanical,2,Female,Hostel,7.87,0
S04424,IT,1,Male,Day Scholar,8.58,0
S04425,Mechanical,3,Female,Day Scholar,8.1,0
S04426,ECE,2,Male,Day Scholar,8.64,1
S04427,CSE,1,Male,Day Scholar,7.58,0
S04428,CSE,3,Male,Day Scholar,9.09,1
S04429,IT,2,Male,Day Scholar,7.19,0
S04430,CSE,3,Male,Day Scholar,9.52,0
S04431,IT,1,Female,Hostel,7.97,1
S04432,BCA,3,Male,Day Scholar,7.02,0
S04433,BBA,1,Female,Day Scholar,6.22,1
S04434,ECE,2,Female,Day Scholar,6.59,0
S04435,Mechanical,1,Male,Hostel,6.44,0
S04436,Mechanical,4,Female,Hostel,7.31,0
S04437,BBA,1,Male,Hostel,6.13,0
S04438,IT,4,Female,Hostel,8.69,1
S04439,IT,4,Male,Hostel,7.51,0
S04440,IT,2,Male,Hostel,7.47,0
S04441,CSE,2,Male,Hostel,6.23,0
S04442,IT,2,Female,Day Scholar,6.63,0
S04443,BBA,4,Male,Day Scholar,5.18,0
S04444,BCA,3,Female,Day Scholar,9.02,0
S04445,CSE,2,Male,Hostel,5.98,0
S04446,ECE,1,Female,Hostel,6.06,0
S04447,ECE,4,Male,Hostel,8.81,0
S04448,EEE,1,Male,Day Scholar,7.79,1
S04449,EEE,1,Male,Hostel,7.52,0
S04450,CSE,1,Male,Day Scholar,7.74,0
S04451,BBA,2,Female,Hostel,8.35,0
S04452,Biotech,4,Female,Hostel,7.5,0
S04453,Mechanical,3,Male,Hostel,5.86,0
S04454,Civil,1,Male,Day Scholar,8.13,0
S04455,EEE,2,Male,Hostel,7.82,0
S04456,IT,3,Female,Day Scholar,8.57,0
S04457,CSE,2,Female,Hostel,6.15,0
S04458,Mechanical,1,Female,Hostel,6.67,0
S04459,CSE,2,Female,Hostel,7.79,0
S04460,BBA,3,Male,Day Scholar,6.46,0
S04461,ECE,4,Male,Day Scholar,5.05,1
S04462,ECE,3,Female,Day Scholar,7.6,1
S04463,IT,1,Male,Day Scholar,8.3,0
S04464,Biotech,3,Male,Day Scholar,7.27,1
S04465,CSE,1,Male,Hostel,7.95,0
S04466,CSE,4,Female,Day Scholar,7.8,0
S04467,CSE,2,Female,Day Scholar,7.41,0
S04468,Mechanical,1,Female,Hostel,7.54,1
S04469,Biotech,2,Male,Hostel,8.75,0
S04470,IT,1,Male,Day Scholar,6.44,0
S04471,BCA,1,Male,Hostel,8.17,0
S04472,IT,2,Female,Hostel,6.22,0
S04473,Mechanical,3,Male,Hostel,6.61,0
S04474,CSE,4,Female,Hostel,8.6,1
S04475,EEE,2,Male,Day Scholar,6.19,0
S04476,Mechanical,1,Female,Day Scholar,7.16,0
S04477,EEE,2,Female,Day Scholar,9.76,0
S04478,IT,2,Male,Day Scholar,8.43,0
S04479,BBA,1,Female,Hostel,6.66,0
S04480,Biotech,4,Male,Day Scholar,6.83,1
S04481,ECE,4,Female,Day Scholar,7.23,0
S04482,Mechanical,1,Female,Hostel,8.71,0
S04483,MBA,3,Female,Day Scholar,6.4,0
S04484,IT,3,Male,Day Scholar,6.34,0
S04485,BBA,1,Female,Day Scholar,8.11,0
S04486,IT,3,Female,Hostel,5.72,0
S04487,MBA,1,Female,Hostel,6.49,0
S04488,CSE,1,Female,Day Scholar,7.31,1
S04489,IT,4,Male,Day Scholar,7.37,0
S04490,EEE,3,Male,Day Scholar,6.04,1
S04491,EEE,1,Male,Day Scholar,7.75,0
S04492,BBA,2,Male,Hostel,7.95,0
S04493,Biotech,4,Female,Day Scholar,6.74,0
S04494,CSE,2,Female,Day Scholar,9.06,0
S04495,IT,4,Male,Day Scholar,7.74,0
S04496,IT,4,Male,Day Scholar,6.4,0
S04497,ECE,2,Female,Hostel,9.02,1
S04498,EEE,3,Female,Day Scholar,6.88,1
S04499,BBA,3,Female,Day Scholar,7.58,0
S04500,MBA,3,Male,Hostel,6.91,1
S04501,CSE,2,Female,Day Scholar,8.02,1
S04502,ECE,1,Male,Hostel,6.92,1
S04503,Mechanical,1,Male,Hostel,6.98,0
S04504,ECE,3,Female,Day Scholar,7.24,0
S04505,CSE,3,Male,Hostel,6.9,0
S04506,ECE,3,Female,Day Scholar,8.47,1
S04507,ECE,3,Male,Day Scholar,6.14,0
S04508,CSE,1,Male,Day Scholar,7.36,0
S04509,MBA,1,Female,Day Scholar,7.49,0
S04510,IT,3,Male,Day Scholar,7.28,0
S04511,Mechanical,2,Male,Hostel,8.37,0
S04512,EEE,3,Male,Day Scholar,5.9,0
S04513,BBA,1,Male,Hostel,7.97,1
S04514,CSE,2,Female,Day Scholar,6.16,0
S04515,CSE,4,Male,Day Scholar,6.89,1
S04516,IT,1,Female,Hostel,6.05,0
S04517,ECE,1,Female,Day Scholar,7.07,1
S04518,IT,3,Male,Day Scholar,6.82,0
S04519,MBA,3,Male,Hostel,9.04,0
S04520,IT,4,Female,Hostel,7.64,0
S04521,CSE,4,Female,Hostel,7.84,0
S04522,ECE,3,Male,Day Scholar,6.29,1
S04523,MBA,1,Female,Day Scholar,8.14,1
S04524,BBA,2,Male,Hostel,9.04,0
S04525,MBA,4,Male,Day Scholar,8.27,0
S04526,EEE,2,Male,Day Scholar,6.09,0
S04527,Civil,4,Male,Day Scholar,6.94,0
S04528,Civil,3,Male,Day Scholar,7.51,0
S04529,IT,1,Male,Hostel,6.82,0
S04530,EEE,2,Male,Hostel,9.93,0
S04531,MBA,3,Female,Day Scholar,6.92,0
S04532,IT,1,Male,Day Scholar,7.36,0
S04533,Mechanical,2,Female,Day Scholar,6.8,0
S04534,EEE,3,Female,Hostel,7.63,1
S04535,EEE,1,Male,Day Scholar,8.78,0
S04536,CSE,2,Male,Hostel,7.51,0
S04537,Civil,3,Male,Day Scholar,7.18,1
S04538,BBA,3,Female,Hostel,6.33,0
S04539,CSE,2,Male,Day Scholar,8.61,0
S04540,ECE,4,Male,Day Scholar,7.26,0
S04541,CSE,4,Female,Hostel,7.21,0
S04542,CSE,2,Male,Day Scholar,5.06,1
S04543,Biotech,1,Male,Day Scholar,7.27,0
S04544,EEE,3,Female,Hostel,7.0,0
S04545,IT,1,Female,Hostel,5.57,0
S04546,IT,4,Male,Day Scholar,8.39,0
S04547,Biotech,3,Male,Hostel,6.86,0
S04548,IT,2,Male,Hostel,9.3,0
S04549,Civil,2,Male,Day Scholar,8.81,0
S04550,IT,2,Male,Day Scholar,6.68,0
S04551,CSE,4,Male,Day Scholar,8.77,0
S04552,Civil,1,Female,Day Scholar,9.01,0
S04553,CSE,4,Female,Day Scholar,6.84,1
S04554,Civil,1,Female,Day Scholar,6.37,0
S04555,IT,3,Female,Hostel,5.24,1
S04556,MBA,4,Male,Hostel,7.78,0
S04557,MBA,2,Male,Day Scholar,6.43,1
S04558,Civil,1,Male,Day Scholar,7.81,0
S04559,CSE,3,Male,Hostel,6.83,0
S04560,Civil,4,Male,Day Scholar,6.62,0
S04561,Biotech,2,Female,Day Scholar,6.84,1
S04562,IT,2,Male,Day Scholar,6.1,1
S04563,IT,3,Male,Hostel,6.84,0
S04564,BBA,1,Male,Hostel,6.66,0
S04565,CSE,3,Female,Day Scholar,7.39,0
S04566,Civil,2,Female,Hostel,7.5,1
S04567,MBA,1,Male,Hostel,6.33,0
S04568,CSE,4,Male,Hostel,8.5,0
S04569,EEE,2,Female,Day Scholar,7.24,0
S04570,Mechanical,4,Male,Hostel,8.9,0
S04571,IT,2,Female,Day Scholar,7.64,0
S04572,BBA,2,Female,Hostel,7.47,1
S04573,CSE,2,Female,Hostel,6.91,0
S04574,ECE,2,Male,Hostel,8.01,0
S04575,BBA,3,Female,Day Scholar,7.43,1
S04576,CSE,3,Male,Day Scholar,8.26,0
S04577,BBA,3,Male,Hostel,9.0,0
S04578,CSE,2,Male,Day Scholar,6.67,1
S04579,EEE,1,Male,Hostel,8.01,0
S04580,CSE,1,Male,Day Scholar,7.99,0
S04581,Civil,3,Female,Hostel,7.86,1
S04582,MBA,2,Female,Day Scholar,6.97,0
S04583,BBA,2,Male,Day Scholar,6.99,0
S04584,Biotech,2,Female,Day Scholar,6.82,0
S04585,Civil,2,Female,Hostel,6.8,1
S04586,MBA,3,Male,Day Scholar,6.56,0
S04587,EEE,3,Female,Day Scholar,7.3,0
S04588,BCA,4,Other,Day Scholar,6.64,1
S04589,Mechanical,1,Female,Hostel,7.84,0
S04590,BCA,2,Male,Day Scholar,7.46,1
S04591,IT,1,Female,Hostel,7.57,0
S04592,EEE,3,Female,Day Scholar,7.13,1
S04593,Civil,3,Male,Hostel,7.47,0
S04594,CSE,2,Male,Day Scholar,7.15,0
S04595,CSE,3,Male,Hostel,8.18,0
S04596,Biotech,2,Male,Hostel,6.96,1
S04597,ECE,1,Male,Hostel,7.78,1
S04598,CSE,2,Male,Day Scholar,6.09,1
S04599,IT,1,Female,Day Scholar,8.11,0
S04600,ECE,4,Female,Day Scholar,6.84,1
S04601,Mechanical,3,Male,Day Scholar,6.49,0
S04602,BCA,3,Male,Day Scholar,6.26,0
S04603,Biotech,4,Male,Hostel,6.18,0
S04604,Mechanical,3,Male,Day Scholar,6.92,0
S04605,Civil,2,Female,Hostel,8.9,1
S04606,IT,1,Male,Day Scholar,6.76,0
S04607,BBA,2,Female,Hostel,5.19,0
S04608,CSE,4,Male,Day Scholar,7.77,0
S04609,CSE,4,Male,Day Scholar,6.29,0
S04610,Biotech,3,Female,Hostel,8.21,0
S04611,BBA,1,Male,Day Scholar,6.98,0
S04612,IT,1,Male,Hostel,7.13,1
S04613,Civil,4,Male,Hostel,8.6,0
S04614,ECE,1,Female,Day Scholar,8.02,0
S04615,IT,3,Male,Day Scholar,6.15,0
S04616,IT,2,Female,Day Scholar,6.3,0
S04617,CSE,2,Female,Day Scholar,5.62,0
S04618,EEE,3,Female,Hostel,10.0,0
S04619,ECE,4,Female,Hostel,6.54,0
S04620,EEE,3,Female,Day Scholar,8.57,0
S04621,CSE,2,Female,Day Scholar,6.87,0
S04622,BCA,2,Male,Hostel,6.32,0
S04623,Mechanical,4,Female,Hostel,7.42,1
S04624,BCA,2,Female,Hostel,7.07,0
S04625,CSE,2,Male,Hostel,8.2,0
S04626,Mechanical,3,Female,Hostel,8.21,0
S04627,BBA,1,Male,Hostel,6.81,1
S04628,IT,1,Female,Day Scholar,5.96,0
S04629,CSE,4,Male,Hostel,6.2,0
S04630,IT,3,Male,Hostel,5.12,0
S04631,IT,1,Male,Day Scholar,7.13,1
S04632,ECE,1,Male,Day Scholar,7.39,0
S04633,IT,4,Male,Hostel,6.26,0
S04634,IT,3,Male,Hostel,6.14,1
S04635,Mechanical,3,Female,Day Scholar,7.38,0
S04636,CSE,1,Male,Hostel,6.77,0
S04637,IT,4,Female,Hostel,7.19,0
S04638,Civil,4,Female,Day Scholar,7.03,0
S04639,CSE,2,Male,Hostel,7.65,1
S04640,IT,2,Male,Day Scholar,6.83,0
S04641,CSE,3,Male,Day Scholar,6.91,0
S04642,CSE,4,Male,Hostel,5.52,0
S04643,ECE,3,Male,Hostel,7.35,0
S04644,CSE,4,Female,Day Scholar,7.49,0
S04645,IT,3,Female,Day Scholar,7.22,0
S04646,Biotech,2,Male,Day Scholar,9.31,0
S04647,BCA,2,Female,Day Scholar,7.56,0
S04648,CSE,3,Male,Hostel,7.24,0
S04649,IT,1,Female,Hostel,7.9,0
S04650,ECE,1,Female,Hostel,9.51,0
S04651,BBA,3,Male,Day Scholar,7.65,0
S04652,MBA,2,Female,Hostel,5.18,0
S04653,CSE,3,Female,Day Scholar,7.83,1
S04654,CSE,1,Male,Day Scholar,6.52,0
S04655,ECE,2,Male,Day Scholar,5.48,0
S04656,BBA,1,Female,Day Scholar,9.1,0
S04657,BCA,3,Male,Hostel,8.88,0
S04658,CSE,3,Male,Hostel,6.49,0
S04659,Mechanical,2,Female,Day Scholar,6.5,0
S04660,CSE,2,Male,Day Scholar,7.56,1
S04661,Civil,1,Male,Day Scholar,6.51,1
S04662,BCA,3,Female,Day Scholar,7.26,1
S04663,ECE,4,Male,Day Scholar,6.69,0
S04664,CSE,3,Male,Hostel,7.0,1
S04665,Mechanical,1,Female,Hostel,6.0,1
S04666,ECE,3,Male,Day Scholar,8.23,1
S04667,BBA,1,Female,Day Scholar,8.6,0
S04668,IT,1,Female,Day Scholar,7.3,0
S04669,BBA,1,Male,Hostel,7.36,1
S04670,IT,1,Male,Day Scholar,8.03,1
S04671,CSE,1,Female,Hostel,7.4,0
S04672,IT,3,Female,Hostel,9.13,0
S04673,CSE,1,Male,Hostel,6.08,0
S04674,IT,3,Male,Day Scholar,8.26,1
S04675,Civil,4,Male,Hostel,7.29,1
S04676,CSE,2,Female,Hostel,6.28,0
S04677,CSE,2,Female,Hostel,9.65,1
S04678,CSE,3,Male,Hostel,9.79,0
S04679,CSE,1,Female,Day Scholar,7.19,0
S04680,BBA,2,Male,Day Scholar,7.84,0
S04681,BCA,2,Male,Day Scholar,6.93,0
S04682,CSE,4,Female,Hostel,7.09,0
S04683,MBA,3,Male,Day Scholar,6.27,0
S04684,MBA,4,Female,Hostel,6.12,0
S04685,Biotech,3,Male,Day Scholar,9.24,1
S04686,IT,2,Female,Day Scholar,7.36,0
S04687,IT,3,Female,Day Scholar,7.45,0
S04688,ECE,4,Male,Day Scholar,6.59,0
S04689,BBA,2,Male,Hostel,7.59,0
S04690,Civil,4,Female,Day Scholar,5.9,0
S04691,ECE,4,Male,Day Scholar,6.63,1
S04692,IT,2,Female,Day Scholar,6.2,0
S04693,Civil,1,Female,Day Scholar,8.69,1
S04694,BBA,1,Male,Hostel,5.75,0
S04695,ECE,3,Female,Day Scholar,6.22,0
S04696,Civil,1,Male,Day Scholar,5.35,0
S04697,ECE,2,Male,Day Scholar,6.51,1
S04698,ECE,3,Male,Hostel,6.94,0
S04699,EEE,4,Female,Hostel,8.38,0
S04700,MBA,4,Female,Day Scholar,7.18,1
S04701,Biotech,3,Male,Hostel,6.99,0
S04702,ECE,2,Male,Hostel,7.7,0
S04703,IT,1,Male,Hostel,6.96,1
S04704,ECE,3,Female,Day Scholar,9.81,0
S04705,CSE,1,Male,Day Scholar,6.81,0
S04706,IT,2,Male,Day Scholar,7.81,0
S04707,CSE,4,Male,Day Scholar,8.23,1
S04708,ECE,2,Male,Hostel,6.78,1
S04709,CSE,3,Female,Hostel,7.57,1
S04710,IT,3,Female,Hostel,6.9,1
S04711,MBA,4,Male,Day Scholar,7.67,0
S04712,IT,2,Male,Day Scholar,7.5,0
S04713,Mechanical,2,Male,Hostel,7.26,0
S04714,BCA,1,Female,Hostel,6.24,0
S04715,Mechanical,3,Male,Day Scholar,9.26,0
S04716,CSE,1,Male,Day Scholar,7.99,1
S04717,IT,2,Male,Day Scholar,5.81,0
S04718,Mechanical,3,Male,Day Scholar,6.98,0
S04719,EEE,1,Female,Hostel,5.83,0
S04720,CSE,2,Male,Day Scholar,8.16,0
S04721,ECE,1,Male,Hostel,7.38,0
S04722,EEE,1,Female,Day Scholar,7.4,1
S04723,IT,1,Male,Hostel,6.56,1
S04724,Mechanical,1,Male,Day Scholar,7.08,0
S04725,CSE,4,Female,Day Scholar,8.19,0
S04726,IT,4,Male,Day Scholar,8.46,0
S04727,MBA,3,Female,Hostel,8.25,0
S04728,IT,3,Male,Day Scholar,5.85,1
S04729,Mechanical,3,Female,Hostel,7.21,0
S04730,ECE,4,Female,Day Scholar,7.65,0
S04731,IT,2,Male,Hostel,6.67,0
S04732,BCA,1,Male,Day Scholar,5.74,0
S04733,IT,3,Female,Hostel,6.11,0
S04734,IT,4,Male,Hostel,8.9,0
S04735,BCA,1,Male,Day Scholar,6.21,1
S04736,MBA,2,Female,Day Scholar,7.45,0
S04737,Civil,2,Female,Hostel,7.24,1
S04738,CSE,2,Female,Hostel,7.25,0
S04739,CSE,3,Female,Hostel,7.08,0
S04740,Mechanical,2,Female,Hostel,8.19,0
S04741,CSE,4,Female,Day Scholar,7.44,0
S04742,IT,3,Female,Day Scholar,6.77,0
S04743,MBA,1,Female,Day Scholar,7.45,1
S04744,IT,3,Female,Day Scholar,6.12,0
S04745,CSE,3,Male,Day Scholar,7.88,0
S04746,CSE,2,Female,Day Scholar,6.72,1
S04747,ECE,2,Male,Hostel,6.78,1
S04748,Mechanical,4,Female,Day Scholar,7.91,0
S04749,BBA,2,Female,Hostel,6.99,0
S04750,CSE,1,Female,Hostel,7.05,1
S04751,CSE,2,Male,Day Scholar,8.57,0
S04752,EEE,1,Male,Day Scholar,6.43,0
S04753,ECE,3,Male,Hostel,7.9,1
S04754,EEE,1,Female,Hostel,8.35,1
S04755,BCA,3,Female,Hostel,8.57,0
S04756,EEE,2,Male,Day Scholar,9.58,0
S04757,ECE,4,Male,Hostel,6.76,0
S04758,Biotech,2,Male,Day Scholar,6.53,0
S04759,CSE,4,Male,Day Scholar,8.22,1
S04760,BCA,4,Female,Hostel,8.34,0
S04761,EEE,1,Female,Day Scholar,6.61,0
S04762,EEE,3,Female,Day Scholar,7.88,1
S04763,BCA,1,Male,Day Scholar,10.0,0
S04764,EEE,3,Male,Day Scholar,7.5,0
S04765,ECE,3,Female,Hostel,8.32,0
S04766,IT,1,Other,Day Scholar,8.98,0
S04767,Mechanical,1,Male,Day Scholar,9.9,0
S04768,Mechanical,2,Female,Day Scholar,7.65,0
S04769,CSE,3,Male,Day Scholar,8.65,0
S04770,Civil,3,Male,Day Scholar,6.61,0
S04771,Mechanical,1,Other,Hostel,7.42,0
S04772,ECE,2,Female,Hostel,6.95,0
S04773,CSE,2,Female,Hostel,5.51,0
S04774,ECE,3,Male,Hostel,5.8,0
S04775,CSE,1,Male,Day Scholar,7.83,1
S04776,CSE,2,Female,Hostel,7.85,0
S04777,ECE,4,Female,Day Scholar,6.36,1
S04778,CSE,2,Male,Day Scholar,8.96,0
S04779,IT,3,Male,Hostel,6.29,0
S04780,Mechanical,2,Male,Day Scholar,7.66,0
S04781,IT,2,Female,Hostel,6.98,0
S04782,Biotech,3,Female,Hostel,7.51,0
S04783,BCA,1,Male,Day Scholar,8.3,1
S04784,Mechanical,1,Male,Hostel,8.16,1
S04785,Biotech,4,Male,Hostel,8.11,0
S04786,BBA,4,Female,Day Scholar,7.98,0
S04787,IT,3,Male,Hostel,6.13,0
S04788,MBA,1,Male,Hostel,8.53,0
S04789,CSE,1,Female,Day Scholar,6.34,0
S04790,Civil,1,Male,Day Scholar,7.29,0
S04791,EEE,4,Female,Day Scholar,7.05,0
S04792,CSE,3,Female,Day Scholar,7.75,0
S04793,IT,2,Male,Hostel,6.92,0
S04794,Biotech,4,Female,Day Scholar,7.24,0
S04795,IT,1,Female,Hostel,9.02,0
S04796,CSE,2,Female,Hostel,6.1,1
S04797,CSE,1,Female,Day Scholar,7.4,1
S04798,ECE,2,Male,Day Scholar,6.29,0
S04799,BBA,4,Male,Hostel,8.07,0
S04800,MBA,4,Male,Hostel,6.67,1
S04801,ECE,1,Male,Hostel,7.44,1
S04802,CSE,1,Male,Day Scholar,6.08,1
S04803,CSE,3,Male,Hostel,8.69,1
S04804,ECE,1,Female,Day Scholar,7.47,0
S04805,BBA,2,Male,Hostel,7.54,0
S04806,Civil,3,Female,Hostel,8.23,1
S04807,ECE,1,Female,Day Scholar,6.15,0
S04808,Mechanical,1,Male,Day Scholar,6.78,0
S04809,ECE,1,Female,Hostel,7.57,1
S04810,Mechanical,4,Male,Day Scholar,5.64,0
S04811,EEE,2,Female,Day Scholar,5.75,0
S04812,Civil,3,Female,Day Scholar,6.58,0
S04813,EEE,2,Female,Day Scholar,6.26,0
S04814,BCA,3,Female,Day Scholar,7.06,0
S04815,ECE,1,Female,Day Scholar,7.92,0
S04816,CSE,1,Female,Day Scholar,8.15,0
S04817,IT,3,Female,Hostel,9.21,0
S04818,EEE,3,Male,Day Scholar,7.38,0
S04819,EEE,1,Female,Day Scholar,7.55,1
S04820,EEE,2,Female,Day Scholar,7.38,0
S04821,Civil,4,Male,Hostel,7.72,0
S04822,IT,1,Other,Day Scholar,7.8,0
S04823,Civil,1,Female,Day Scholar,8.32,1
S04824,Civil,2,Female,Day Scholar,8.32,1
S04825,ECE,1,Male,Hostel,7.92,0
S04826,ECE,3,Female,Day Scholar,8.91,0
S04827,CSE,3,Female,Day Scholar,7.43,0
S04828,ECE,2,Male,Hostel,6.79,1
S04829,MBA,3,Female,Day Scholar,6.95,0
S04830,BCA,2,Female,Hostel,7.29,0
S04831,Mechanical,3,Male,Day Scholar,6.32,0
S04832,IT,1,Female,Day Scholar,6.79,0
S04833,Civil,2,Male,Hostel,6.26,1
S04834,MBA,3,Female,Day Scholar,7.74,1
S04835,IT,2,Female,Day Scholar,7.75,0
S04836,BBA,1,Male,Hostel,5.63,0
S04837,CSE,2,Male,Day Scholar,6.75,0
S04838,CSE,3,Male,Hostel,9.23,0
S04839,CSE,1,Male,Hostel,8.03,0
S04840,CSE,3,Female,Day Scholar,7.85,0
S04841,BBA,3,Male,Hostel,6.74,0
S04842,ECE,3,Male,Day Scholar,7.69,0
S04843,IT,1,Male,Day Scholar,7.39,0
S04844,ECE,3,Female,Day Scholar,6.6,0
S04845,ECE,1,Female,Day Scholar,6.91,0
S04846,IT,4,Male,Day Scholar,6.93,0
S04847,CSE,3,Male,Day Scholar,5.91,0
S04848,Mechanical,1,Male,Day Scholar,6.08,0
S04849,CSE,3,Male,Day Scholar,7.2,1
S04850,MBA,2,Male,Day Scholar,6.55,0
S04851,CSE,2,Female,Hostel,7.1,1
S04852,MBA,2,Female,Day Scholar,5.79,0
S04853,MBA,3,Male,Hostel,8.2,0
S04854,CSE,3,Female,Hostel,9.48,0
S04855,CSE,4,Female,Hostel,8.43,0
S04856,BCA,1,Male,Hostel,8.53,1
S04857,ECE,3,Male,Hostel,8.03,1
S04858,Mechanical,3,Female,Day Scholar,7.67,1
S04859,CSE,3,Male,Day Scholar,7.49,0
S04860,IT,2,Female,Hostel,6.49,0
S04861,EEE,2,Female,Day Scholar,8.09,1
S04862,BCA,3,Female,Day Scholar,8.03,1
S04863,IT,2,Male,Day Scholar,6.94,0
S04864,MBA,1,Male,Hostel,7.93,0
S04865,Civil,2,Female,Hostel,6.71,0
S04866,CSE,1,Male,Day Scholar,6.77,0
S04867,IT,1,Male,Day Scholar,8.18,0
S04868,IT,1,Female,Day Scholar,7.83,1
S04869,ECE,3,Male,Day Scholar,7.17,0
S04870,Mechanical,4,Female,Day Scholar,7.05,0
S04871,ECE,2,Female,Day Scholar,7.57,1
S04872,IT,1,Female,Day Scholar,5.56,0
S04873,Civil,3,Male,Day Scholar,6.64,0
S04874,Mechanical,1,Female,Day Scholar,6.13,1
S04875,EEE,4,Female,Hostel,7.41,1
S04876,EEE,2,Male,Day Scholar,8.49,0
S04877,IT,1,Female,Hostel,7.88,0
S04878,Civil,2,Male,Hostel,6.89,0
S04879,ECE,2,Male,Day Scholar,6.69,0
S04880,ECE,3,Female,Hostel,6.65,1
S04881,CSE,1,Male,Day Scholar,9.4,1
S04882,Mechanical,4,Male,Day Scholar,7.47,1
S04883,Mechanical,3,Female,Hostel,7.6,0
S04884,IT,4,Male,Hostel,5.29,1
S04885,BBA,4,Male,Hostel,6.22,0
S04886,BBA,1,Male,Day Scholar,7.36,0
S04887,CSE,2,Female,Hostel,6.9,1
S04888,Civil,4,Female,Hostel,7.53,1
S04889,ECE,2,Male,Day Scholar,7.52,0
S04890,Biotech,1,Female,Hostel,8.0,0
S04891,IT,1,Male,Day Scholar,5.53,0
S04892,IT,1,Male,Hostel,6.29,0
S04893,ECE,4,Male,Day Scholar,7.3,0
S04894,IT,2,Male,Day Scholar,6.75,0
S04895,Civil,3,Male,Hostel,7.09,0
S04896,EEE,4,Female,Hostel,7.51,0
S04897,IT,1,Female,Hostel,6.66,1
S04898,EEE,3,Other,Hostel,7.59,1
S04899,BCA,1,Female,Hostel,7.94,0
S04900,MBA,1,Male,Day Scholar,7.47,0
S04901,EEE,1,Male,Hostel,8.12,0
S04902,IT,2,Male,Hostel,5.23,1
S04903,CSE,2,Male,Hostel,6.81,0
S04904,BBA,2,Female,Day Scholar,8.29,1
S04905,Civil,1,Male,Hostel,6.54,0
S04906,Mechanical,1,Male,Day Scholar,6.4,0
S04907,BBA,3,Male,Day Scholar,7.27,0
S04908,CSE,1,Female,Hostel,7.38,1
S04909,Civil,3,Male,Hostel,6.87,0
S04910,CSE,4,Female,Hostel,9.24,1
S04911,CSE,3,Male,Day Scholar,7.69,0
S04912,ECE,3,Male,Hostel,6.5,1
S04913,ECE,3,Male,Hostel,5.96,0
S04914,BCA,3,Female,Day Scholar,7.81,0
S04915,IT,4,Female,Day Scholar,6.47,0
S04916,BBA,4,Male,Hostel,9.55,1
S04917,MBA,2,Male,Day Scholar,7.83,0
S04918,Civil,3,Male,Hostel,7.96,0
S04919,BCA,3,Male,Hostel,7.65,0
S04920,ECE,1,Male,Hostel,8.52,0
S04921,ECE,2,Male,Day Scholar,5.0,0
S04922,CSE,3,Female,Hostel,6.2,0
S04923,IT,3,Female,Day Scholar,8.43,1
S04924,BBA,2,Female,Day Scholar,8.9,0
S04925,ECE,1,Female,Day Scholar,6.16,0
S04926,IT,1,Other,Hostel,5.58,0
S04927,CSE,2,Female,Hostel,7.57,0
S04928,EEE,4,Male,Day Scholar,7.89,0
S04929,Civil,4,Male,Hostel,7.55,0
S04930,IT,2,Male,Day Scholar,7.34,0
S04931,MBA,1,Female,Hostel,5.55,1
S04932,Mechanical,3,Male,Day Scholar,7.02,0
S04933,MBA,3,Male,Day Scholar,7.17,0
S04934,IT,2,Male,Day Scholar,6.85,1
S04935,Mechanical,2,Female,Day Scholar,5.48,0
S04936,CSE,1,Female,Hostel,7.98,0
S04937,ECE,3,Female,Hostel,8.27,1
S04938,Civil,3,Female,Hostel,6.61,0
S04939,Mechanical,2,Female,Day Scholar,7.21,1
S04940,CSE,4,Male,Hostel,6.9,0
S04941,BBA,3,Female,Hostel,6.91,0
S04942,CSE,4,Female,Hostel,7.89,0
S04943,Mechanical,2,Male,Hostel,7.92,0
S04944,Biotech,2,Female,Day Scholar,8.47,0
S04945,EEE,4,Female,Day Scholar,8.45,0
S04946,MBA,4,Female,Hostel,7.23,0
S04947,Mechanical,4,Female,Hostel,10.0,0
S04948,MBA,3,Male,Day Scholar,8.95,0
S04949,Mechanical,2,Male,Day Scholar,6.74,0
S04950,Civil,1,Male,Day Scholar,7.53,0
S04951,IT,2,Female,Day Scholar,5.41,0
S04952,MBA,4,Female,Day Scholar,7.43,1
S04953,IT,2,Female,Day Scholar,9.07,0
S04954,Biotech,3,Female,Day Scholar,10.0,0
S04955,IT,4,Female,Day Scholar,7.28,0
S04956,IT,4,Male,Day Scholar,7.73,0
S04957,BBA,4,Male,Day Scholar,8.01,1
S04958,IT,2,Male,Hostel,9.38,0
S04959,ECE,2,Female,Hostel,6.42,0
S04960,Civil,4,Male,Day Scholar,10.0,0
S04961,CSE,1,Female,Day Scholar,7.08,1
S04962,CSE,1,Female,Hostel,6.23,0
S04963,EEE,4,Male,Hostel,7.08,0
S04964,IT,3,Female,Hostel,6.59,1
S04965,IT,2,Female,Hostel,7.82,0
S04966,CSE,1,Female,Day Scholar,5.75,0
S04967,ECE,2,Male,Day Scholar,7.54,0
S04968,IT,4,Male,Day Scholar,8.06,1
S04969,CSE,3,Male,Hostel,8.88,1
S04970,Mechanical,2,Male,Hostel,8.08,1
S04971,Mechanical,2,Female,Hostel,8.82,0
S04972,CSE,4,Female,Hostel,6.79,1
S04973,IT,4,Female,Day Scholar,7.79,0
S04974,BBA,2,Male,Hostel,5.17,1
S04975,Mechanical,3,Female,Day Scholar,7.29,0
S04976,ECE,1,Male,Day Scholar,7.79,1
S04977,ECE,2,Male,Hostel,7.88,0
S04978,CSE,1,Female,Hostel,5.83,0
S04979,BBA,2,Female,Hostel,7.01,0
S04980,BCA,2,Female,Hostel,7.15,0
S04981,BCA,2,Female,Day Scholar,6.97,1
S04982,IT,1,Male,Day Scholar,8.13,0
S04983,IT,1,Male,Day Scholar,7.18,1
S04984,CSE,1,Male,Day Scholar,7.5,1
S04985,IT,3,Female,Day Scholar,6.91,0
S04986,IT,1,Male,Day Scholar,8.46,1
S04987,Mechanical,1,Male,Hostel,8.54,1
S04988,CSE,4,Male,Hostel,7.09,1
S04989,BCA,1,Female,Hostel,10.0,0
S04990,CSE,4,Female,Hostel,6.63,0
S04991,CSE,3,Male,Day Scholar,8.41,1
S04992,BBA,3,Male,Hostel,6.45,0
S04993,Civil,2,Female,Day Scholar,8.17,0
S04994,IT,1,Female,Hostel,8.1,0
S04995,Mechanical,4,Male,Day Scholar,6.39,0
S04996,IT,3,Male,Hostel,7.27,1
S04997,CSE,2,Female,Hostel,9.27,1
S04998,ECE,3,Female,Day Scholar,6.59,0
S04999,IT,2,Male,Hostel,7.8,0
S05000,Mechanical,4,Female,Day Scholar,7.74,0
S05001,CSE,3,Female,Day Scholar,7.36,0
S05002,Civil,1,Male,Hostel,5.67,0
S05003,MBA,4,Male,Hostel,8.23,0
S05004,CSE,4,Female,Hostel,7.41,0
S05005,CSE,3,Male,Hostel,8.5,1
S05006,ECE,1,Male,Day Scholar,7.63,0
S05007,MBA,3,Female,Day Scholar,7.46,1
S05008,Mechanical,3,Male,Hostel,7.77,0
S05009,Civil,2,Female,Day Scholar,6.41,0
S05010,ECE,4,Male,Day Scholar,8.96,0
S05011,IT,2,Male,Hostel,7.02,0
S05012,EEE,4,Male,Hostel,7.04,1
S05013,CSE,3,Female,Day Scholar,8.69,1
S05014,Civil,1,Female,Day Scholar,7.65,0
S05015,CSE,4,Female,Hostel,7.16,1
S05016,IT,2,Male,Day Scholar,7.81,0
S05017,EEE,2,Female,Hostel,8.03,1
S05018,EEE,2,Male,Day Scholar,7.28,0
S05019,Mechanical,1,Female,Day Scholar,8.32,0
S05020,ECE,3,Male,Hostel,6.13,0
S05021,BCA,2,Female,Day Scholar,7.66,0
S05022,BBA,4,Male,Day Scholar,8.2,0
S05023,BBA,4,Male,Day Scholar,8.02,0
S05024,Mechanical,3,Female,Day Scholar,5.16,1
S05025,Mechanical,1,Male,Day Scholar,7.27,0
S05026,Mechanical,3,Male,Hostel,6.19,1
S05027,ECE,1,Female,Hostel,8.69,0
S05028,IT,3,Male,Day Scholar,7.01,1
S05029,Mechanical,2,Female,Day Scholar,8.57,0
S05030,CSE,4,Female,Hostel,6.18,1
S05031,CSE,2,Female,Day Scholar,7.79,0
S05032,BBA,1,Male,Day Scholar,7.41,1
S05033,CSE,4,Female,Hostel,10.0,0
S05034,EEE,2,Female,Hostel,8.58,0
S05035,Mechanical,4,Male,Day Scholar,8.51,0
S05036,CSE,4,Female,Hostel,9.43,0
S05037,BCA,2,Female,Day Scholar,7.68,1
S05038,CSE,2,Male,Day Scholar,7.3,0
S05039,BCA,2,Male,Hostel,7.19,1
S05040,MBA,4,Female,Hostel,7.73,0
S05041,IT,4,Male,Hostel,4.63,0
S05042,CSE,2,Female,Day Scholar,7.4,0
S05043,IT,3,Male,Hostel,7.63,0
S05044,ECE,1,Male,Day Scholar,7.24,0
S05045,IT,3,Female,Day Scholar,5.87,0
S05046,Biotech,3,Other,Day Scholar,7.25,0
S05047,IT,4,Male,Hostel,5.87,0
S05048,BBA,2,Female,Hostel,9.17,0
S05049,CSE,2,Male,Day Scholar,7.14,0
S05050,Biotech,1,Male,Hostel,5.34,0
S05051,IT,1,Male,Hostel,7.19,1
S05052,ECE,2,Male,Day Scholar,8.3,0
S05053,EEE,4,Female,Day Scholar,7.58,0
S05054,CSE,2,Male,Day Scholar,6.49,0
S05055,BBA,2,Male,Hostel,6.72,0
S05056,IT,3,Male,Day Scholar,7.11,1
S05057,EEE,1,Female,Day Scholar,6.96,0
S05058,EEE,1,Female,Day Scholar,6.14,0
S05059,Mechanical,4,Male,Hostel,7.33,1
S05060,CSE,1,Male,Day Scholar,6.07,0
S05061,CSE,2,Female,Hostel,8.35,0
S05062,CSE,2,Male,Day Scholar,8.47,0
S05063,IT,1,Female,Day Scholar,6.4,1
S05064,CSE,1,Female,Day Scholar,6.68,0
S05065,BCA,1,Female,Hostel,6.98,0
S05066,EEE,2,Male,Day Scholar,7.37,0
S05067,Mechanical,4,Male,Day Scholar,7.66,0
S05068,IT,2,Male,Hostel,7.86,0
S05069,IT,2,Male,Hostel,7.84,0
S05070,EEE,2,Male,Day Scholar,8.95,0
S05071,IT,4,Other,Day Scholar,7.46,0
S05072,IT,1,Male,Day Scholar,6.1,0
S05073,ECE,4,Male,Hostel,5.79,1
S05074,EEE,2,Male,Hostel,9.04,1
S05075,Biotech,4,Male,Hostel,7.91,0
S05076,IT,2,Female,Day Scholar,7.61,1
S05077,EEE,1,Male,Day Scholar,7.85,0
S05078,CSE,2,Female,Day Scholar,7.56,0
S05079,IT,1,Female,Day Scholar,7.83,1
S05080,Civil,3,Male,Hostel,7.03,0
S05081,CSE,3,Female,Day Scholar,8.46,0
S05082,Mechanical,3,Male,Hostel,6.88,0
S05083,ECE,1,Male,Hostel,6.5,0
S05084,CSE,3,Female,Hostel,5.71,0
S05085,BCA,2,Female,Hostel,7.16,1
S05086,ECE,4,Male,Hostel,8.67,0
S05087,MBA,3,Male,Day Scholar,6.94,1
S05088,ECE,3,Male,Day Scholar,6.02,0
S05089,BCA,4,Male,Day Scholar,7.68,0
S05090,IT,3,Female,Hostel,6.75,0
S05091,ECE,2,Male,Day Scholar,8.95,1
S05092,MBA,1,Female,Hostel,8.47,0
S05093,IT,3,Female,Hostel,6.13,1
S05094,ECE,2,Male,Hostel,7.23,0
S05095,Biotech,1,Female,Hostel,6.64,0
S05096,EEE,3,Female,Day Scholar,6.24,0
S05097,Civil,1,Male,Day Scholar,7.34,0
S05098,Mechanical,3,Male,Hostel,8.22,1
S05099,BBA,1,Female,Day Scholar,7.32,0
S05100,BBA,2,Female,Hostel,6.88,1
S05101,Mechanical,4,Male,Hostel,5.19,0
S05102,IT,1,Female,Day Scholar,6.73,0
S05103,CSE,3,Female,Day Scholar,7.95,0
S05104,Mechanical,3,Female,Day Scholar,6.06,0
S05105,BBA,4,Male,Hostel,8.68,1
S05106,ECE,1,Male,Day Scholar,6.82,0
S05107,CSE,3,Female,Hostel,7.59,0
S05108,IT,2,Male,Hostel,7.0,0
S05109,EEE,2,Male,Hostel,6.22,0
S05110,BBA,2,Female,Hostel,7.84,0
S05111,CSE,2,Male,Hostel,6.8,0
S05112,Mechanical,2,Female,Hostel,6.57,0
S05113,MBA,1,Male,Day Scholar,5.02,0
S05114,BCA,2,Female,Hostel,8.7,0
S05115,CSE,3,Male,Hostel,7.41,0
S05116,BCA,2,Female,Day Scholar,8.51,0
S05117,Mechanical,1,Male,Day Scholar,8.02,0
S05118,MBA,2,Male,Hostel,8.51,0
S05119,CSE,2,Female,Hostel,6.84,0
S05120,EEE,3,Female,Hostel,6.03,0
S05121,Mechanical,4,Male,Day Scholar,8.16,0
S05122,IT,2,Male,Hostel,7.53,1
S05123,ECE,3,Female,Hostel,6.93,0
S05124,EEE,1,Female,Day Scholar,8.14,0
S05125,EEE,4,Male,Day Scholar,7.71,0
S05126,CSE,2,Female,Hostel,8.04,0
S05127,ECE,2,Male,Hostel,6.38,0
S05128,CSE,1,Female,Hostel,8.38,0
S05129,BCA,1,Male,Hostel,7.4,0
S05130,Biotech,3,Male,Hostel,8.48,1
S05131,IT,1,Female,Day Scholar,8.37,0
S05132,CSE,1,Male,Day Scholar,8.09,0
S05133,CSE,1,Female,Day Scholar,7.29,0
S05134,ECE,4,Male,Day Scholar,8.11,0
S05135,BBA,3,Male,Day Scholar,8.51,0
S05136,EEE,4,Female,Hostel,8.01,0
S05137,CSE,4,Female,Day Scholar,7.6,0
S05138,CSE,4,Male,Hostel,8.11,1
S05139,IT,2,Female,Hostel,6.87,1
S05140,BBA,1,Male,Hostel,8.91,1
S05141,Mechanical,2,Female,Day Scholar,5.72,0
S05142,Mechanical,1,Male,Day Scholar,7.43,1
S05143,IT,3,Male,Day Scholar,6.99,0
S05144,BCA,1,Male,Day Scholar,6.76,0
S05145,IT,1,Female,Day Scholar,7.71,0
S05146,BBA,3,Female,Hostel,6.27,0
S05147,BCA,1,Female,Hostel,9.55,1
S05148,EEE,1,Male,Day Scholar,6.05,1
S05149,BCA,1,Male,Day Scholar,6.45,0
S05150,IT,3,Male,Hostel,6.35,0
S05151,Mechanical,1,Female,Hostel,7.6,1
S05152,CSE,1,Male,Day Scholar,8.41,1
S05153,ECE,1,Female,Hostel,7.93,1
S05154,CSE,3,Male,Day Scholar,8.87,0
S05155,CSE,1,Other,Day Scholar,6.57,1
S05156,CSE,1,Male,Day Scholar,8.06,0
S05157,IT,4,Female,Hostel,7.1,1
S05158,Mechanical,4,Female,Day Scholar,7.63,1
S05159,ECE,1,Female,Hostel,8.51,0
S05160,IT,1,Female,Hostel,5.71,0
S05161,Biotech,1,Female,Hostel,9.39,0
S05162,BCA,3,Female,Hostel,7.25,0
S05163,CSE,1,Male,Hostel,5.79,0
S05164,ECE,4,Male,Day Scholar,6.71,0
S05165,Mechanical,3,Female,Hostel,7.5,0
S05166,MBA,3,Female,Hostel,6.71,1
S05167,ECE,1,Male,Hostel,5.35,1
S05168,MBA,4,Male,Day Scholar,7.5,0
S05169,CSE,3,Female,Hostel,6.68,0
S05170,IT,3,Male,Day Scholar,8.05,0
S05171,Civil,1,Female,Hostel,6.33,0
S05172,Mechanical,3,Female,Day Scholar,9.66,1
S05173,BBA,3,Male,Day Scholar,7.91,0
S05174,CSE,4,Male,Day Scholar,7.6,0
S05175,CSE,3,Male,Day Scholar,8.02,0
S05176,CSE,2,Male,Day Scholar,5.58,0
S05177,CSE,2,Female,Hostel,6.9,0
S05178,CSE,3,Female,Hostel,9.18,0
S05179,EEE,4,Female,Day Scholar,7.08,0
S05180,EEE,3,Male,Day Scholar,7.34,0
S05181,Mechanical,1,Female,Day Scholar,6.93,0
S05182,ECE,1,Male,Hostel,8.86,1
S05183,CSE,3,Female,Hostel,7.16,0
S05184,Civil,4,Male,Day Scholar,6.15,0
S05185,CSE,1,Female,Day Scholar,9.98,0
S05186,BBA,2,Female,Hostel,6.02,0
S05187,CSE,4,Male,Hostel,7.3,0
S05188,EEE,2,Female,Day Scholar,6.56,0
S05189,BCA,1,Male,Day Scholar,6.7,0
S05190,Mechanical,2,Male,Day Scholar,6.34,1
S05191,Mechanical,2,Female,Hostel,6.86,1
S05192,Civil,1,Male,Hostel,8.38,0
S05193,CSE,3,Male,Hostel,5.5,0
S05194,Civil,3,Male,Day Scholar,8.66,0
S05195,BCA,3,Male,Hostel,8.49,0
S05196,Biotech,3,Female,Hostel,7.91,0
S05197,ECE,1,Female,Hostel,7.53,0
S05198,IT,1,Male,Hostel,7.68,1
S05199,MBA,1,Male,Day Scholar,8.82,1
S05200,EEE,1,Female,Hostel,5.65,0
S05201,IT,3,Female,Day Scholar,8.13,0
S05202,CSE,1,Male,Day Scholar,6.65,0
S05203,CSE,3,Female,Hostel,8.23,1
S05204,ECE,1,Male,Day Scholar,6.79,0
S05205,CSE,1,Male,Day Scholar,8.11,0
S05206,CSE,1,Female,Day Scholar,5.85,1
S05207,CSE,2,Female,Day Scholar,5.71,0
S05208,BCA,3,Male,Day Scholar,7.29,0
S05209,CSE,3,Female,Day Scholar,8.84,1
S05210,CSE,1,Female,Day Scholar,7.94,0
S05211,ECE,3,Female,Hostel,7.93,0
S05212,IT,3,Female,Day Scholar,8.26,1
S05213,Biotech,2,Male,Day Scholar,7.0,0
S05214,BCA,1,Female,Hostel,8.01,0
S05215,ECE,1,Male,Hostel,6.82,0
S05216,ECE,1,Male,Day Scholar,7.09,0
S05217,ECE,4,Male,Hostel,7.21,0
S05218,CSE,2,Female,Day Scholar,6.85,0
S05219,IT,2,Male,Day Scholar,7.33,0
S05220,CSE,3,Male,Hostel,7.15,0
S05221,CSE,2,Female,Hostel,6.69,0
S05222,Mechanical,3,Male,Day Scholar,7.26,0
S05223,CSE,1,Male,Hostel,7.56,1
S05224,CSE,2,Male,Day Scholar,6.3,1
S05225,EEE,1,Female,Hostel,7.82,0
S05226,ECE,1,Male,Hostel,6.91,0
S05227,CSE,1,Male,Hostel,7.6,0
S05228,CSE,3,Female,Hostel,6.73,0
S05229,CSE,3,Female,Day Scholar,8.45,1
S05230,IT,3,Female,Hostel,8.36,1
S05231,MBA,1,Male,Hostel,6.35,0
S05232,BCA,4,Female,Day Scholar,7.92,0
S05233,ECE,1,Female,Day Scholar,8.85,1
S05234,ECE,3,Female,Hostel,6.45,0
S05235,Civil,3,Male,Day Scholar,6.53,0
S05236,Mechanical,3,Male,Hostel,8.14,0
S05237,CSE,2,Female,Day Scholar,6.09,1
S05238,CSE,3,Male,Day Scholar,6.62,0
S05239,ECE,3,Male,Day Scholar,6.39,0
S05240,Mechanical,1,Male,Day Scholar,8.15,0
S05241,CSE,3,Male,Day Scholar,6.71,0
S05242,IT,1,Female,Hostel,7.12,0
S05243,IT,2,Male,Day Scholar,6.65,0
S05244,IT,3,Female,Day Scholar,8.55,1
S05245,ECE,3,Female,Hostel,6.54,0
S05246,Mechanical,2,Male,Day Scholar,5.99,1
S05247,EEE,1,Male,Day Scholar,5.95,0
S05248,CSE,2,Male,Day Scholar,8.09,1
S05249,CSE,1,Male,Hostel,8.17,1
S05250,BBA,2,Female,Day Scholar,8.65,0
S05251,ECE,2,Female,Hostel,6.14,0
S05252,CSE,3,Female,Day Scholar,7.17,0
S05253,IT,1,Other,Hostel,9.83,0
S05254,MBA,1,Male,Day Scholar,7.1,0
S05255,MBA,2,Female,Hostel,6.84,0
S05256,BBA,1,Male,Day Scholar,7.38,0
S05257,Mechanical,1,Male,Hostel,7.93,1
S05258,ECE,2,Male,Day Scholar,7.91,0
S05259,ECE,2,Male,Day Scholar,6.79,1
S05260,CSE,1,Female,Hostel,6.81,0
S05261,Mechanical,2,Female,Day Scholar,7.1,0
S05262,Mechanical,4,Male,Day Scholar,6.67,1
S05263,CSE,2,Male,Hostel,6.17,0
S05264,BCA,1,Female,Hostel,9.21,0
S05265,ECE,1,Female,Hostel,6.99,1
S05266,CSE,1,Female,Hostel,7.05,0
S05267,IT,2,Male,Day Scholar,7.08,1
S05268,BBA,3,Male,Day Scholar,7.32,0
S05269,BCA,1,Female,Hostel,7.83,0
S05270,EEE,1,Female,Day Scholar,6.93,0
S05271,Biotech,2,Male,Hostel,8.54,0
S05272,BBA,2,Male,Day Scholar,8.0,0
S05273,BBA,4,Male,Day Scholar,7.21,1
S05274,BBA,1,Female,Day Scholar,6.73,0
S05275,ECE,1,Male,Day Scholar,8.48,0
S05276,MBA,2,Female,Hostel,7.24,0
S05277,Mechanical,1,Female,Day Scholar,6.16,0
S05278,Civil,1,Male,Day Scholar,8.42,0
S05279,CSE,2,Male,Day Scholar,6.67,0
S05280,MBA,2,Male,Hostel,8.27,1
S05281,Biotech,1,Male,Day Scholar,4.89,0
S05282,IT,3,Female,Hostel,7.03,1
S05283,Biotech,2,Female,Day Scholar,8.56,0
S05284,ECE,1,Male,Day Scholar,7.41,1
S05285,CSE,4,Female,Hostel,8.0,1
S05286,CSE,1,Male,Hostel,6.5,1
S05287,MBA,4,Female,Hostel,7.75,0
S05288,EEE,4,Female,Hostel,7.4,1
S05289,IT,2,Male,Hostel,7.64,0
S05290,Mechanical,1,Male,Hostel,9.44,0
S05291,IT,4,Female,Hostel,8.7,1
S05292,ECE,2,Male,Day Scholar,8.19,0
S05293,BBA,1,Other,Day Scholar,8.2,1
S05294,Civil,2,Male,Hostel,6.49,0
S05295,MBA,2,Male,Hostel,6.93,1
S05296,Mechanical,4,Female,Day Scholar,5.87,0
S05297,Biotech,3,Male,Hostel,6.13,0
S05298,IT,4,Male,Hostel,6.51,1
S05299,IT,3,Male,Day Scholar,7.37,0
S05300,CSE,3,Male,Day Scholar,6.17,0
S05301,EEE,2,Male,Hostel,7.36,0
S05302,Mechanical,4,Male,Day Scholar,7.25,1
S05303,Civil,4,Male,Hostel,6.27,1
S05304,IT,4,Male,Hostel,8.93,0
S05305,CSE,3,Female,Hostel,6.08,1
S05306,Mechanical,2,Female,Day Scholar,8.52,0
S05307,Biotech,1,Male,Day Scholar,5.15,1
S05308,IT,4,Female,Day Scholar,7.26,1
S05309,CSE,1,Female,Day Scholar,6.2,0
S05310,IT,1,Female,Day Scholar,6.75,1
S05311,ECE,2,Female,Hostel,9.21,1
S05312,IT,3,Male,Day Scholar,7.05,0
S05313,IT,2,Male,Hostel,6.3,0
S05314,Mechanical,1,Female,Day Scholar,7.89,0
S05315,IT,1,Male,Day Scholar,7.04,0
S05316,ECE,1,Female,Day Scholar,7.55,0
S05317,CSE,2,Female,Hostel,6.49,1
S05318,BCA,1,Male,Day Scholar,6.53,0
S05319,ECE,3,Male,Hostel,6.61,0
S05320,IT,1,Female,Hostel,8.2,0
S05321,CSE,2,Male,Day Scholar,7.17,1
S05322,Mechanical,2,Female,Hostel,6.35,0
S05323,BBA,2,Female,Hostel,7.56,0
S05324,CSE,4,Male,Day Scholar,7.48,0
S05325,CSE,1,Male,Hostel,7.97,0
S05326,CSE,2,Female,Hostel,6.92,1
S05327,Mechanical,3,Female,Day Scholar,7.32,1
S05328,BCA,1,Male,Hostel,7.82,1
S05329,ECE,3,Male,Hostel,6.39,0
S05330,IT,4,Male,Day Scholar,8.29,1
S05331,MBA,3,Male,Hostel,7.42,0
S05332,MBA,4,Male,Day Scholar,6.3,0
S05333,IT,2,Male,Day Scholar,6.29,0
S05334,CSE,2,Female,Day Scholar,7.3,0
S05335,IT,1,Male,Hostel,6.85,0
S05336,MBA,1,Female,Hostel,8.15,0
S05337,Civil,1,Female,Day Scholar,7.11,0
S05338,Civil,2,Female,Hostel,7.7,0
S05339,BBA,2,Female,Day Scholar,6.55,0
S05340,IT,1,Male,Day Scholar,7.38,0
S05341,IT,3,Female,Day Scholar,8.72,1
S05342,CSE,1,Male,Hostel,7.25,0
S05343,BBA,2,Male,Day Scholar,6.85,0
S05344,Mechanical,1,Female,Day Scholar,6.54,0
S05345,IT,3,Male,Hostel,7.38,0
S05346,CSE,2,Male,Day Scholar,8.81,0
S05347,Civil,3,Female,Hostel,6.04,0
S05348,MBA,1,Male,Day Scholar,7.35,0
S05349,Civil,2,Male,Hostel,5.69,0
S05350,CSE,4,Male,Hostel,6.99,0
S05351,BCA,1,Male,Day Scholar,7.66,0
S05352,MBA,2,Female,Hostel,5.82,0
S05353,Mechanical,1,Male,Hostel,6.96,0
S05354,Mechanical,1,Male,Hostel,7.69,1
S05355,BCA,2,Female,Day Scholar,7.53,0
S05356,BCA,1,Other,Hostel,7.74,1
S05357,Mechanical,2,Female,Day Scholar,6.43,0
S05358,ECE,4,Male,Day Scholar,7.69,1
S05359,ECE,1,Female,Day Scholar,6.8,0
S05360,BBA,1,Female,Hostel,8.11,1
S05361,Mechanical,3,Female,Hostel,5.09,0
S05362,CSE,2,Male,Day Scholar,7.11,0
S05363,CSE,4,Male,Day Scholar,7.5,1
S05364,BCA,2,Male,Day Scholar,8.75,0
S05365,BCA,3,Female,Day Scholar,7.49,0
S05366,Biotech,4,Male,Day Scholar,7.59,1
S05367,ECE,1,Female,Day Scholar,7.78,0
S05368,MBA,3,Male,Day Scholar,8.65,0
S05369,BBA,3,Female,Day Scholar,7.02,0
S05370,IT,3,Male,Hostel,6.0,1
S05371,CSE,1,Male,Hostel,5.81,0
S05372,Biotech,2,Male,Day Scholar,8.06,0
S05373,CSE,1,Female,Day Scholar,7.62,0
S05374,Mechanical,4,Male,Hostel,7.14,1
S05375,Mechanical,1,Male,Day Scholar,6.81,1
S05376,Civil,1,Female,Day Scholar,7.58,0
S05377,IT,4,Female,Day Scholar,7.61,1
S05378,Civil,2,Female,Hostel,7.88,0
S05379,CSE,3,Female,Hostel,6.29,0
S05380,BBA,1,Male,Day Scholar,5.64,0
S05381,CSE,3,Female,Day Scholar,6.49,1
S05382,Civil,1,Male,Day Scholar,6.05,0
S05383,MBA,2,Female,Hostel,6.0,0
S05384,CSE,2,Female,Hostel,8.97,0
S05385,IT,2,Male,Day Scholar,5.13,0
S05386,MBA,1,Male,Hostel,7.87,1
S05387,CSE,1,Female,Day Scholar,8.31,0
S05388,CSE,3,Female,Hostel,8.39,1
S05389,ECE,1,Female,Hostel,7.68,0
S05390,BCA,1,Female,Day Scholar,8.72,0
S05391,Mechanical,2,Female,Hostel,9.18,0
S05392,ECE,2,Male,Hostel,7.1,1
S05393,Biotech,3,Female,Day Scholar,7.85,1
S05394,ECE,2,Male,Hostel,8.68,0
S05395,ECE,4,Female,Hostel,6.54,0
S05396,ECE,3,Female,Day Scholar,7.16,0
S05397,IT,4,Male,Hostel,6.77,0
S05398,IT,3,Female,Day Scholar,7.86,0
S05399,Civil,1,Female,Hostel,5.5,1
S05400,CSE,4,Male,Hostel,8.84,0
S05401,Civil,3,Female,Hostel,7.93,0
S05402,CSE,2,Female,Day Scholar,7.99,0
S05403,ECE,1,Male,Hostel,5.04,0
S05404,CSE,1,Male,Day Scholar,6.36,1
S05405,EEE,3,Male,Hostel,8.89,0
S05406,Civil,2,Female,Hostel,7.22,0
S05407,IT,3,Male,Day Scholar,5.68,0
S05408,CSE,2,Male,Hostel,7.62,0
S05409,IT,2,Female,Day Scholar,8.08,0
S05410,BBA,1,Female,Day Scholar,7.93,0
S05411,IT,1,Female,Day Scholar,7.25,0
S05412,MBA,1,Female,Day Scholar,8.54,0
S05413,IT,3,Male,Day Scholar,6.7,0
S05414,CSE,2,Male,Hostel,7.94,0
S05415,Civil,4,Female,Day Scholar,7.54,0
S05416,ECE,3,Male,Hostel,7.27,0
S05417,CSE,3,Male,Hostel,7.02,0
S05418,Biotech,2,Female,Day Scholar,7.06,0
S05419,CSE,3,Male,Hostel,7.43,0
S05420,IT,4,Female,Day Scholar,7.11,0
S05421,ECE,3,Female,Hostel,8.13,0
S05422,EEE,1,Female,Hostel,6.86,1
S05423,MBA,3,Male,Day Scholar,8.97,1
S05424,CSE,1,Male,Day Scholar,6.82,0
S05425,BCA,1,Female,Day Scholar,8.32,0
S05426,Mechanical,3,Female,Hostel,8.36,0
S05427,Biotech,4,Male,Hostel,7.57,0
S05428,BBA,1,Male,Hostel,7.48,1
S05429,BCA,1,Female,Hostel,6.67,0
S05430,Mechanical,4,Male,Hostel,6.88,0
S05431,IT,1,Male,Day Scholar,7.62,0
S05432,ECE,1,Male,Hostel,7.35,0
S05433,Mechanical,3,Male,Day Scholar,8.58,0
S05434,ECE,4,Male,Day Scholar,6.95,1
S05435,MBA,2,Male,Day Scholar,7.01,0
S05436,CSE,2,Female,Hostel,5.74,1
S05437,BBA,2,Male,Hostel,8.04,0
S05438,CSE,1,Male,Hostel,7.95,0
S05439,BCA,3,Male,Day Scholar,8.38,0
S05440,CSE,4,Female,Day Scholar,8.43,0
S05441,CSE,2,Male,Hostel,8.19,1
S05442,BBA,1,Male,Hostel,8.23,1
S05443,BBA,1,Female,Day Scholar,8.01,0
S05444,MBA,1,Female,Hostel,8.16,0
S05445,Biotech,1,Female,Hostel,5.56,1
S05446,IT,1,Male,Hostel,6.3,1
S05447,BBA,3,Male,Hostel,6.14,1
S05448,IT,1,Male,Hostel,8.67,0
S05449,EEE,3,Female,Day Scholar,6.62,1
S05450,ECE,2,Male,Day Scholar,6.78,1
S05451,CSE,4,Male,Day Scholar,7.41,0
S05452,Mechanical,4,Male,Hostel,6.16,1
S05453,MBA,2,Female,Hostel,7.78,0
S05454,CSE,1,Male,Day Scholar,5.27,0
S05455,BCA,3,Male,Hostel,6.22,0
S05456,EEE,1,Female,Hostel,7.6,0
S05457,CSE,1,Female,Day Scholar,6.16,0
S05458,Mechanical,1,Female,Day Scholar,8.7,0
S05459,CSE,4,Female,Hostel,7.45,1
S05460,CSE,1,Male,Day Scholar,8.53,0
S05461,Civil,2,Female,Hostel,7.76,0
S05462,CSE,2,Male,Day Scholar,7.39,0
S05463,CSE,3,Female,Hostel,6.4,0
S05464,MBA,1,Male,Day Scholar,8.33,0
S05465,CSE,4,Female,Hostel,7.84,1
S05466,MBA,3,Female,Day Scholar,9.48,0
S05467,MBA,2,Male,Day Scholar,8.23,0
S05468,CSE,2,Male,Day Scholar,7.0,0
S05469,EEE,3,Female,Day Scholar,7.69,1
S05470,CSE,3,Male,Day Scholar,7.82,0
S05471,Mechanical,2,Female,Hostel,8.56,1
S05472,CSE,2,Male,Hostel,8.72,0
S05473,BCA,1,Female,Day Scholar,7.24,1
S05474,CSE,1,Female,Day Scholar,6.18,1
S05475,Civil,1,Male,Hostel,5.55,0
S05476,CSE,1,Female,Hostel,6.26,0
S05477,CSE,1,Female,Hostel,6.81,0
S05478,ECE,4,Female,Hostel,8.9,0
S05479,Mechanical,3,Female,Hostel,8.92,0
S05480,Biotech,4,Female,Day Scholar,8.36,0
S05481,CSE,3,Male,Hostel,8.63,0
S05482,CSE,3,Male,Day Scholar,6.69,0
S05483,IT,1,Male,Day Scholar,5.88,1
S05484,ECE,3,Female,Hostel,6.39,1
S05485,BCA,1,Female,Day Scholar,5.37,0
S05486,BCA,2,Male,Day Scholar,6.29,1
S05487,BCA,4,Female,Hostel,6.89,0
S05488,CSE,4,Male,Day Scholar,7.57,0
S05489,ECE,1,Female,Day Scholar,7.54,1
S05490,MBA,3,Female,Hostel,6.71,0
S05491,IT,1,Female,Day Scholar,7.97,0
S05492,Civil,1,Female,Hostel,6.73,0
S05493,IT,1,Female,Hostel,7.41,1
S05494,IT,1,Male,Day Scholar,6.29,0
S05495,BBA,3,Male,Hostel,8.49,0
S05496,IT,2,Male,Hostel,7.42,1
S05497,Biotech,1,Female,Hostel,8.08,1
S05498,IT,4,Female,Hostel,6.18,1
S05499,CSE,2,Male,Hostel,7.57,0
S05500,IT,2,Male,Day Scholar,7.97,0
S05501,CSE,2,Male,Hostel,5.36,0
S05502,EEE,2,Female,Day Scholar,8.57,0
S05503,CSE,2,Male,Hostel,6.15,1
S05504,Mechanical,3,Female,Hostel,7.61,0
S05505,BBA,4,Male,Day Scholar,9.19,0
S05506,ECE,2,Female,Day Scholar,8.35,0
S05507,CSE,2,Female,Day Scholar,5.91,0
S05508,ECE,1,Male,Hostel,7.22,0
S05509,MBA,4,Female,Day Scholar,8.63,0
S05510,Mechanical,2,Male,Day Scholar,6.58,0
S05511,CSE,1,Female,Day Scholar,7.04,1
S05512,EEE,4,Male,Day Scholar,7.01,0
S05513,ECE,3,Female,Day Scholar,7.97,1
S05514,IT,1,Male,Hostel,5.86,1
S05515,CSE,1,Female,Hostel,8.03,0
S05516,Biotech,2,Male,Hostel,6.78,0
S05517,CSE,4,Female,Hostel,7.39,0
S05518,CSE,2,Male,Hostel,7.18,0
S05519,CSE,1,Male,Hostel,8.0,1
S05520,Mechanical,2,Female,Day Scholar,7.38,0
S05521,ECE,2,Male,Day Scholar,8.84,0
S05522,IT,1,Male,Day Scholar,8.39,1
S05523,ECE,4,Female,Hostel,6.6,0
S05524,Civil,1,Male,Day Scholar,8.77,0
S05525,IT,4,Female,Day Scholar,7.72,0
S05526,BCA,3,Male,Hostel,7.57,0
S05527,IT,1,Female,Day Scholar,8.25,0
S05528,CSE,3,Female,Hostel,6.36,0
S05529,Biotech,3,Male,Day Scholar,6.02,1
S05530,BBA,3,Male,Day Scholar,7.42,0
S05531,IT,2,Female,Day Scholar,6.79,0
S05532,BBA,1,Female,Day Scholar,9.47,0
S05533,EEE,1,Male,Hostel,6.64,1
S05534,IT,3,Male,Day Scholar,7.44,0
S05535,BBA,1,Male,Day Scholar,7.59,0
S05536,MBA,1,Female,Day Scholar,8.63,0
S05537,IT,2,Female,Hostel,6.41,0
S05538,Mechanical,1,Male,Hostel,5.79,0
S05539,ECE,3,Male,Day Scholar,8.79,0
S05540,CSE,3,Female,Day Scholar,7.48,0
S05541,Biotech,4,Female,Day Scholar,8.21,0
S05542,EEE,1,Male,Hostel,8.26,0
S05543,Mechanical,2,Male,Day Scholar,8.43,0
S05544,Mechanical,4,Male,Day Scholar,7.02,1
S05545,EEE,2,Female,Day Scholar,6.75,1
S05546,IT,3,Male,Day Scholar,5.4,0
S05547,Biotech,3,Male,Hostel,6.41,0
S05548,Mechanical,2,Female,Day Scholar,7.46,1
S05549,Civil,1,Female,Day Scholar,6.7,0
S05550,ECE,3,Male,Hostel,6.26,1
S05551,IT,1,Male,Hostel,7.45,0
S05552,CSE,4,Male,Day Scholar,8.74,0
S05553,IT,2,Male,Hostel,7.34,1
S05554,CSE,1,Male,Hostel,6.27,0
S05555,Civil,3,Male,Day Scholar,8.67,0
S05556,BBA,2,Male,Day Scholar,6.63,1
S05557,IT,1,Female,Day Scholar,8.88,1
S05558,IT,4,Female,Hostel,7.14,0
S05559,Civil,3,Male,Hostel,7.5,0
S05560,CSE,3,Female,Hostel,8.96,0
S05561,BCA,4,Male,Hostel,6.05,1
S05562,ECE,2,Female,Day Scholar,6.35,0
S05563,CSE,2,Female,Hostel,7.07,1
S05564,CSE,1,Female,Hostel,7.26,0
S05565,BCA,1,Female,Day Scholar,10.0,0
S05566,IT,2,Male,Hostel,6.51,0
S05567,Civil,2,Male,Hostel,6.1,0
S05568,CSE,3,Male,Day Scholar,6.46,1
S05569,CSE,2,Male,Hostel,7.63,0
S05570,BBA,3,Female,Hostel,7.89,0
S05571,CSE,4,Male,Day Scholar,6.69,0
S05572,CSE,4,Male,Day Scholar,7.42,0
S05573,EEE,2,Female,Day Scholar,9.35,0
S05574,BBA,4,Female,Day Scholar,7.44,1
S05575,IT,3,Female,Hostel,7.72,0
S05576,CSE,1,Male,Day Scholar,9.29,0
S05577,Biotech,2,Female,Day Scholar,6.7,1
S05578,Civil,1,Male,Hostel,6.64,0
S05579,BBA,3,Female,Hostel,6.93,1
S05580,MBA,2,Male,Day Scholar,6.87,0
S05581,Civil,2,Male,Hostel,5.58,0
S05582,ECE,3,Female,Hostel,7.54,0
S05583,IT,2,Male,Hostel,7.62,0
S05584,Civil,2,Male,Day Scholar,7.21,0
S05585,Civil,4,Male,Hostel,7.65,0
S05586,Biotech,4,Other,Day Scholar,7.66,1
S05587,Mechanical,3,Female,Hostel,6.08,0
S05588,IT,1,Male,Day Scholar,7.69,1
S05589,EEE,1,Female,Hostel,7.96,0
S05590,Mechanical,1,Male,Hostel,5.8,0
S05591,ECE,2,Female,Day Scholar,8.86,1
S05592,MBA,1,Male,Day Scholar,6.16,1
S05593,Mechanical,4,Male,Hostel,6.26,0
S05594,CSE,3,Female,Day Scholar,7.6,1
S05595,Mechanical,2,Female,Day Scholar,7.93,0
S05596,Mechanical,1,Male,Hostel,8.18,1
S05597,BCA,2,Male,Day Scholar,7.96,0
S05598,ECE,2,Female,Hostel,6.88,0
S05599,Mechanical,3,Male,Day Scholar,7.51,0
S05600,ECE,1,Male,Hostel,7.08,0
S05601,EEE,4,Female,Day Scholar,7.57,0
S05602,CSE,1,Male,Day Scholar,7.47,1
S05603,BCA,1,Male,Day Scholar,6.9,1
S05604,BCA,4,Male,Hostel,7.05,0
S05605,EEE,1,Male,Day Scholar,5.55,0
S05606,EEE,1,Male,Hostel,8.23,0
S05607,CSE,3,Female,Hostel,7.7,1
S05608,Mechanical,2,Male,Hostel,5.09,0
S05609,ECE,1,Female,Day Scholar,8.19,0
S05610,Civil,1,Male,Day Scholar,7.35,0
S05611,CSE,1,Male,Day Scholar,6.46,0
S05612,Civil,2,Male,Hostel,6.37,0
S05613,IT,1,Male,Day Scholar,6.71,1
S05614,Mechanical,3,Female,Day Scholar,6.47,0
S05615,Mechanical,4,Male,Day Scholar,6.6,1
S05616,IT,1,Female,Day Scholar,9.1,0
S05617,ECE,2,Female,Hostel,7.77,1
S05618,BBA,1,Male,Day Scholar,9.44,0
S05619,Mechanical,1,Female,Day Scholar,7.63,0
S05620,CSE,1,Male,Day Scholar,7.98,1
S05621,ECE,3,Male,Hostel,6.52,0
S05622,IT,2,Male,Hostel,7.23,0
S05623,Mechanical,2,Female,Hostel,7.32,0
S05624,Mechanical,3,Female,Day Scholar,8.02,0
S05625,CSE,3,Female,Hostel,7.35,0
S05626,Mechanical,2,Female,Day Scholar,7.75,1
S05627,MBA,1,Male,Hostel,7.72,0
S05628,MBA,4,Female,Hostel,7.1,0
S05629,CSE,2,Female,Hostel,6.99,0
S05630,IT,3,Female,Hostel,6.73,1
S05631,ECE,3,Female,Hostel,8.48,1
S05632,CSE,2,Female,Day Scholar,7.1,1
S05633,ECE,1,Male,Day Scholar,7.73,1
S05634,CSE,1,Female,Hostel,7.24,0
S05635,CSE,2,Other,Hostel,8.46,1
S05636,Civil,2,Female,Day Scholar,5.41,1
S05637,IT,3,Male,Hostel,7.7,0
S05638,Civil,3,Male,Day Scholar,6.15,0
S05639,CSE,4,Female,Day Scholar,7.79,0
S05640,Mechanical,4,Female,Day Scholar,7.25,1
S05641,ECE,3,Female,Hostel,5.92,0
S05642,MBA,1,Female,Day Scholar,7.74,0
S05643,MBA,2,Male,Day Scholar,7.62,1
S05644,ECE,3,Female,Hostel,7.17,1
S05645,Mechanical,3,Male,Day Scholar,7.3,0
S05646,IT,1,Male,Hostel,7.56,0
S05647,Mechanical,3,Male,Hostel,8.58,1
S05648,CSE,2,Male,Day Scholar,7.09,0
S05649,ECE,2,Male,Hostel,8.41,1
S05650,CSE,4,Female,Hostel,7.36,1
S05651,BCA,2,Male,Hostel,8.7,0
S05652,ECE,2,Female,Day Scholar,7.16,0
S05653,Mechanical,2,Male,Day Scholar,6.73,0
S05654,ECE,2,Female,Day Scholar,6.3,0
S05655,IT,1,Male,Day Scholar,7.37,1
S05656,CSE,3,Female,Hostel,6.61,1
S05657,BCA,2,Female,Day Scholar,8.8,0
S05658,MBA,3,Male,Hostel,6.53,0
S05659,CSE,1,Male,Day Scholar,6.71,1
S05660,MBA,4,Male,Day Scholar,7.98,0
S05661,ECE,3,Male,Day Scholar,8.59,0
S05662,CSE,2,Male,Day Scholar,8.13,0
S05663,EEE,2,Male,Day Scholar,8.46,0
S05664,CSE,2,Female,Hostel,7.32,0
S05665,CSE,3,Male,Hostel,7.33,0
S05666,Civil,3,Male,Day Scholar,9.41,0
S05667,IT,3,Male,Day Scholar,9.09,0
S05668,BCA,4,Male,Day Scholar,8.11,0
S05669,Mechanical,2,Male,Day Scholar,8.51,1
S05670,BBA,3,Female,Hostel,8.26,0
S05671,Mechanical,2,Female,Hostel,6.19,0
S05672,BBA,3,Male,Hostel,7.36,1
S05673,ECE,2,Male,Day Scholar,8.9,0
S05674,EEE,3,Male,Day Scholar,8.12,0
S05675,EEE,1,Female,Day Scholar,7.34,0
S05676,BCA,1,Male,Day Scholar,8.91,0
S05677,CSE,1,Female,Day Scholar,7.77,0
S05678,Mechanical,4,Female,Hostel,8.16,0
S05679,MBA,2,Female,Hostel,7.77,0
S05680,ECE,2,Male,Hostel,7.94,0
S05681,BBA,2,Female,Day Scholar,8.01,0
S05682,ECE,2,Male,Hostel,8.7,1
S05683,CSE,4,Male,Day Scholar,8.83,0
S05684,Mechanical,4,Female,Hostel,6.95,0
S05685,ECE,4,Female,Day Scholar,7.76,0
S05686,CSE,4,Male,Hostel,8.67,0
S05687,CSE,1,Male,Day Scholar,7.27,1
S05688,CSE,1,Male,Hostel,6.09,1
S05689,MBA,3,Female,Day Scholar,6.49,0
S05690,BCA,3,Male,Day Scholar,6.56,0
S05691,EEE,1,Male,Hostel,6.94,0
S05692,CSE,3,Male,Day Scholar,6.65,0
S05693,EEE,1,Female,Day Scholar,8.43,0
S05694,BBA,1,Female,Hostel,7.12,0
S05695,MBA,2,Male,Day Scholar,8.66,1
S05696,IT,4,Female,Day Scholar,6.27,1
S05697,CSE,3,Male,Day Scholar,7.05,0
S05698,BCA,2,Female,Day Scholar,7.5,0
S05699,BBA,3,Female,Day Scholar,8.21,0
S05700,CSE,3,Male,Hostel,8.54,0
S05701,BBA,2,Female,Hostel,6.86,0
S05702,CSE,3,Female,Hostel,8.39,0
S05703,CSE,1,Male,Day Scholar,5.72,0
S05704,MBA,2,Male,Hostel,8.27,0
S05705,EEE,1,Female,Hostel,6.06,1
S05706,ECE,2,Male,Day Scholar,7.85,1
S05707,BCA,2,Female,Hostel,8.53,0
S05708,BBA,1,Male,Hostel,8.29,1
S05709,CSE,2,Female,Day Scholar,5.76,0
S05710,Mechanical,3,Female,Day Scholar,6.95,0
S05711,MBA,3,Female,Day Scholar,8.12,0
S05712,EEE,1,Male,Hostel,8.09,0
S05713,Biotech,1,Female,Day Scholar,7.68,1
S05714,Civil,2,Male,Day Scholar,5.2,0
S05715,CSE,4,Female,Hostel,8.6,0
S05716,CSE,4,Female,Hostel,8.78,0
S05717,BBA,2,Male,Hostel,7.56,0
S05718,Biotech,3,Female,Day Scholar,7.63,1
S05719,CSE,2,Male,Hostel,7.9,0
S05720,CSE,4,Male,Day Scholar,8.86,0
S05721,MBA,1,Female,Day Scholar,7.65,0
S05722,CSE,2,Male,Day Scholar,7.21,0
S05723,CSE,3,Female,Hostel,7.78,1
S05724,BCA,2,Male,Day Scholar,7.39,0
S05725,MBA,1,Male,Day Scholar,7.4,0
S05726,BCA,1,Female,Hostel,5.63,1
S05727,Mechanical,2,Male,Day Scholar,7.92,0
S05728,IT,3,Female,Hostel,8.57,0
S05729,BCA,3,Other,Hostel,8.42,0
S05730,IT,1,Male,Hostel,8.35,0
S05731,IT,4,Male,Hostel,7.35,1
S05732,BCA,2,Male,Hostel,7.55,1
S05733,Civil,4,Female,Day Scholar,8.59,1
S05734,BCA,1,Male,Day Scholar,8.27,0
S05735,CSE,4,Female,Hostel,8.89,0
S05736,Biotech,4,Other,Day Scholar,6.73,1
S05737,Mechanical,3,Male,Day Scholar,6.72,0
S05738,Civil,3,Female,Hostel,7.07,0
S05739,BCA,2,Male,Hostel,6.46,0
S05740,ECE,3,Female,Hostel,6.08,0
S05741,Civil,2,Male,Day Scholar,7.87,0
S05742,Mechanical,2,Female,Day Scholar,7.8,1
S05743,MBA,4,Male,Day Scholar,7.65,0
S05744,BCA,1,Female,Hostel,7.75,1
S05745,Civil,2,Male,Day Scholar,5.94,0
S05746,CSE,4,Female,Day Scholar,6.92,0
S05747,CSE,1,Female,Hostel,7.11,0
S05748,Biotech,1,Female,Hostel,7.45,0
S05749,Biotech,2,Female,Hostel,5.94,0
S05750,Biotech,3,Male,Day Scholar,6.47,0
S05751,CSE,4,Male,Day Scholar,6.96,0
S05752,ECE,1,Male,Hostel,8.46,1
S05753,MBA,3,Female,Day Scholar,7.66,0
S05754,MBA,2,Male,Day Scholar,8.42,0
S05755,CSE,3,Male,Day Scholar,7.28,1
S05756,Mechanical,3,Female,Day Scholar,7.4,0
S05757,CSE,4,Male,Day Scholar,7.9,0
S05758,EEE,2,Female,Hostel,7.22,0
S05759,IT,1,Male,Hostel,6.78,0
S05760,CSE,3,Male,Day Scholar,5.91,0
S05761,CSE,2,Female,Day Scholar,6.8,0
S05762,BCA,2,Male,Hostel,8.24,1
S05763,MBA,1,Female,Day Scholar,8.66,0
S05764,BCA,1,Male,Hostel,6.63,0
S05765,ECE,4,Male,Hostel,5.67,1
S05766,ECE,1,Male,Day Scholar,8.33,0
S05767,IT,3,Male,Hostel,7.47,0
S05768,Mechanical,3,Female,Hostel,6.05,0
S05769,IT,1,Male,Hostel,4.5,0
S05770,MBA,1,Female,Day Scholar,6.44,0
S05771,MBA,2,Female,Hostel,6.94,1
S05772,BBA,2,Male,Hostel,6.25,0
S05773,IT,2,Female,Hostel,8.09,0
S05774,EEE,3,Male,Hostel,6.59,0
S05775,IT,1,Female,Hostel,7.41,0
S05776,CSE,1,Male,Hostel,9.77,0
S05777,Civil,1,Female,Hostel,7.52,1
S05778,EEE,2,Male,Day Scholar,7.28,1
S05779,Civil,2,Male,Hostel,7.31,0
S05780,CSE,4,Male,Hostel,8.07,0
S05781,Biotech,1,Male,Day Scholar,7.95,0
S05782,Biotech,2,Female,Hostel,6.4,0
S05783,ECE,2,Male,Hostel,6.99,0
S05784,BBA,3,Female,Day Scholar,6.73,0
S05785,IT,3,Male,Day Scholar,7.12,0
S05786,MBA,1,Male,Day Scholar,9.23,0
S05787,BBA,3,Male,Day Scholar,8.02,1
S05788,BBA,2,Male,Day Scholar,7.32,0
S05789,BBA,3,Female,Hostel,8.64,1
S05790,ECE,1,Male,Hostel,7.59,0
S05791,BBA,3,Female,Day Scholar,5.76,0
S05792,Civil,3,Male,Hostel,9.06,0
S05793,CSE,3,Male,Day Scholar,7.24,1
S05794,CSE,1,Male,Hostel,5.14,1
S05795,MBA,3,Female,Hostel,5.8,0
S05796,Mechanical,3,Male,Day Scholar,8.53,0
S05797,EEE,2,Female,Day Scholar,5.82,0
S05798,BCA,2,Male,Day Scholar,8.75,0
S05799,Mechanical,1,Male,Hostel,7.48,1
S05800,ECE,1,Female,Hostel,8.11,1
S05801,ECE,3,Female,Day Scholar,7.14,0
S05802,Mechanical,2,Female,Hostel,7.92,1
S05803,MBA,3,Male,Day Scholar,7.72,0
S05804,Mechanical,3,Female,Day Scholar,7.36,1
S05805,EEE,3,Male,Hostel,6.33,0
S05806,Civil,3,Other,Hostel,7.76,0
S05807,Civil,3,Male,Day Scholar,5.58,0
S05808,BBA,2,Female,Hostel,8.33,0
S05809,CSE,1,Male,Hostel,7.6,0
S05810,MBA,4,Female,Day Scholar,7.86,1
S05811,EEE,4,Female,Hostel,4.78,1
S05812,CSE,2,Female,Day Scholar,6.27,0
S05813,Civil,4,Male,Hostel,6.89,0
S05814,Civil,4,Male,Hostel,8.07,0
S05815,EEE,2,Female,Day Scholar,6.46,1
S05816,MBA,3,Female,Hostel,9.95,0
S05817,IT,3,Female,Day Scholar,7.14,0
S05818,CSE,1,Male,Hostel,6.38,1
S05819,IT,1,Male,Day Scholar,7.21,1
S05820,ECE,2,Male,Day Scholar,6.45,1
S05821,Civil,3,Female,Day Scholar,6.22,0
S05822,BBA,2,Male,Day Scholar,8.41,0
S05823,Civil,3,Male,Hostel,7.91,1
S05824,CSE,3,Female,Hostel,7.92,0
S05825,ECE,3,Female,Day Scholar,8.68,1
S05826,CSE,1,Female,Day Scholar,7.89,0
S05827,Civil,2,Male,Day Scholar,6.33,0
S05828,IT,1,Male,Hostel,8.11,0
S05829,EEE,1,Male,Hostel,6.27,1
S05830,MBA,1,Male,Hostel,6.92,1
S05831,Civil,1,Female,Hostel,7.35,0
S05832,IT,1,Male,Hostel,7.25,0
S05833,IT,3,Male,Hostel,5.61,1
S05834,Mechanical,2,Male,Hostel,6.43,0
S05835,EEE,1,Female,Day Scholar,7.38,0
S05836,CSE,4,Female,Day Scholar,6.79,0
S05837,BBA,2,Male,Hostel,8.53,1
S05838,EEE,4,Male,Day Scholar,8.7,0
S05839,ECE,3,Male,Day Scholar,6.28,1
S05840,CSE,1,Female,Hostel,7.46,0
S05841,ECE,4,Male,Day Scholar,8.98,0
S05842,IT,4,Male,Day Scholar,7.27,0
S05843,IT,3,Female,Day Scholar,6.99,0
S05844,Mechanical,2,Male,Day Scholar,8.26,0
S05845,ECE,2,Female,Hostel,7.13,0
S05846,BCA,2,Male,Day Scholar,8.67,0
S05847,BCA,3,Female,Hostel,6.81,0
S05848,CSE,2,Male,Hostel,6.93,0
S05849,CSE,1,Male,Hostel,8.19,1
S05850,MBA,1,Male,Hostel,7.5,0
S05851,Biotech,1,Male,Hostel,7.51,0
S05852,BBA,1,Female,Day Scholar,5.49,0
S05853,CSE,2,Male,Hostel,7.05,0
S05854,IT,4,Male,Hostel,8.26,1
S05855,CSE,1,Female,Hostel,6.62,0
S05856,BBA,2,Male,Hostel,8.1,0
S05857,Mechanical,1,Female,Day Scholar,7.67,0
S05858,EEE,2,Female,Day Scholar,7.2,1
S05859,EEE,3,Male,Day Scholar,8.76,0
S05860,IT,2,Female,Day Scholar,7.06,1
S05861,Mechanical,4,Female,Hostel,7.13,0
S05862,CSE,4,Female,Hostel,7.19,0
S05863,Mechanical,4,Male,Day Scholar,7.48,1
S05864,MBA,3,Male,Day Scholar,8.17,0
S05865,Civil,2,Female,Day Scholar,5.93,0
S05866,IT,2,Female,Day Scholar,8.27,0
S05867,BBA,2,Male,Day Scholar,7.47,0
S05868,Civil,3,Male,Hostel,7.95,1
S05869,CSE,1,Female,Hostel,9.79,0
S05870,CSE,1,Female,Day Scholar,6.89,0
S05871,Mechanical,1,Female,Day Scholar,6.18,0
S05872,IT,3,Female,Day Scholar,7.59,1
S05873,CSE,3,Male,Day Scholar,7.75,1
S05874,CSE,1,Female,Hostel,8.27,0
S05875,CSE,2,Male,Hostel,6.86,0
S05876,ECE,2,Male,Day Scholar,6.57,0
S05877,Mechanical,3,Male,Day Scholar,5.87,0
S05878,CSE,1,Female,Day Scholar,6.03,1
S05879,Civil,1,Male,Day Scholar,6.98,0
S05880,IT,3,Male,Day Scholar,7.28,0
S05881,IT,3,Male,Hostel,9.47,0
S05882,IT,4,Male,Hostel,5.71,0
S05883,MBA,3,Male,Hostel,7.74,1
S05884,Biotech,4,Male,Hostel,6.67,0
S05885,EEE,2,Male,Day Scholar,7.62,0
S05886,CSE,2,Male,Day Scholar,6.85,0
S05887,IT,4,Female,Day Scholar,8.44,1
S05888,CSE,1,Female,Hostel,8.43,0
S05889,BBA,3,Female,Day Scholar,7.29,0
S05890,CSE,1,Male,Hostel,8.84,0
S05891,Biotech,2,Male,Day Scholar,8.16,0
S05892,Mechanical,1,Male,Hostel,8.79,0
S05893,EEE,3,Female,Day Scholar,7.36,0
S05894,BBA,3,Male,Hostel,8.35,0
S05895,CSE,1,Male,Day Scholar,6.63,1
S05896,MBA,1,Female,Day Scholar,6.53,1
S05897,CSE,2,Female,Day Scholar,9.58,0
S05898,BBA,1,Male,Day Scholar,6.31,0
S05899,EEE,2,Female,Hostel,6.96,0
S05900,CSE,4,Male,Hostel,5.5,0
S05901,BBA,1,Male,Hostel,6.55,1
S05902,CSE,2,Male,Hostel,6.41,0
S05903,CSE,2,Female,Hostel,6.73,1
S05904,MBA,1,Male,Day Scholar,7.7,0
S05905,ECE,1,Female,Day Scholar,7.94,0
S05906,BCA,3,Male,Hostel,6.39,0
S05907,Mechanical,3,Female,Day Scholar,6.61,0
S05908,Mechanical,3,Female,Day Scholar,8.48,1
S05909,IT,2,Female,Hostel,9.11,1
S05910,CSE,3,Female,Day Scholar,8.66,0
S05911,Biotech,4,Female,Day Scholar,5.75,0
S05912,CSE,4,Female,Day Scholar,8.59,0
S05913,EEE,4,Male,Day Scholar,9.25,0
S05914,IT,1,Other,Hostel,5.7,1
S05915,IT,4,Male,Hostel,8.48,0
S05916,Mechanical,3,Male,Day Scholar,7.63,1
S05917,MBA,3,Male,Hostel,7.07,0
S05918,MBA,3,Male,Hostel,7.51,0
S05919,BBA,4,Female,Hostel,7.84,0
S05920,IT,2,Male,Day Scholar,8.56,1
S05921,ECE,3,Male,Hostel,8.51,0
S05922,CSE,3,Female,Day Scholar,5.89,0
S05923,MBA,3,Female,Day Scholar,6.75,0
S05924,IT,3,Male,Hostel,7.49,0
S05925,Mechanical,1,Female,Hostel,8.97,0
S05926,CSE,2,Male,Day Scholar,4.67,0
S05927,BBA,2,Male,Day Scholar,6.79,0
S05928,BBA,3,Female,Day Scholar,5.87,1
S05929,BBA,3,Female,Day Scholar,6.03,0
S05930,CSE,4,Female,Hostel,8.39,1
S05931,Biotech,3,Male,Day Scholar,6.87,0
S05932,IT,3,Male,Day Scholar,5.07,0
S05933,IT,1,Male,Day Scholar,7.24,1
S05934,IT,3,Female,Day Scholar,9.44,1
S05935,IT,4,Male,Hostel,5.59,0
S05936,EEE,3,Male,Day Scholar,7.93,0
S05937,IT,4,Male,Day Scholar,8.97,0
S05938,ECE,4,Female,Hostel,7.35,0
S05939,Mechanical,2,Male,Day Scholar,9.33,0
S05940,BBA,3,Female,Hostel,6.74,0
S05941,Civil,2,Male,Day Scholar,8.85,0
S05942,Mechanical,2,Male,Day Scholar,8.61,0
S05943,CSE,1,Male,Hostel,7.37,1
S05944,BBA,1,Male,Hostel,5.91,0
S05945,CSE,1,Female,Day Scholar,6.4,0
S05946,IT,3,Female,Hostel,5.06,0
S05947,CSE,1,Male,Hostel,7.99,0
S05948,Civil,2,Male,Day Scholar,7.87,1
S05949,ECE,2,Male,Hostel,7.48,0
S05950,Mechanical,2,Female,Day Scholar,7.28,0
S05951,IT,4,Female,Hostel,8.76,1
S05952,ECE,2,Female,Hostel,7.7,0
S05953,ECE,1,Male,Hostel,6.85,0
S05954,CSE,4,Male,Day Scholar,7.55,0
S05955,ECE,4,Other,Day Scholar,9.45,0
S05956,Mechanical,3,Male,Hostel,8.02,0
S05957,EEE,3,Female,Hostel,7.01,1
S05958,CSE,1,Female,Day Scholar,7.36,0
S05959,Civil,3,Female,Day Scholar,7.86,0
S05960,IT,1,Female,Hostel,6.98,1
S05961,CSE,2,Male,Hostel,6.89,0
S05962,CSE,1,Female,Day Scholar,7.39,1
S05963,EEE,3,Male,Day Scholar,8.92,0
S05964,IT,1,Female,Day Scholar,8.19,0
S05965,Civil,1,Male,Day Scholar,6.99,0
S05966,IT,1,Female,Day Scholar,8.27,0
S05967,MBA,3,Female,Day Scholar,7.41,0
S05968,IT,1,Female,Day Scholar,7.74,0
S05969,Mechanical,2,Male,Day Scholar,7.65,0
S05970,MBA,2,Male,Hostel,5.29,1
S05971,ECE,3,Female,Day Scholar,4.5,0
S05972,CSE,1,Female,Hostel,7.63,0
S05973,EEE,4,Male,Day Scholar,6.55,0
S05974,Biotech,2,Female,Day Scholar,5.76,1
S05975,Biotech,1,Female,Day Scholar,6.58,0
S05976,IT,1,Female,Hostel,8.32,0
S05977,MBA,1,Female,Day Scholar,7.76,0
S05978,IT,2,Female,Hostel,8.17,1
S05979,CSE,1,Female,Hostel,7.85,0
S05980,Civil,4,Male,Day Scholar,6.48,0
S05981,EEE,2,Female,Hostel,8.18,1
S05982,EEE,1,Female,Day Scholar,7.99,0
S05983,BBA,2,Female,Day Scholar,7.28,0
S05984,IT,1,Female,Day Scholar,7.46,0
S05985,Civil,1,Female,Day Scholar,8.19,0
S05986,ECE,2,Male,Hostel,6.65,1
S05987,CSE,1,Male,Day Scholar,8.49,0
S05988,ECE,1,Male,Hostel,7.97,0
S05989,Biotech,4,Female,Day Scholar,7.4,1
S05990,EEE,3,Female,Day Scholar,8.93,0
S05991,CSE,4,Male,Day Scholar,6.11,0
S05992,Civil,1,Male,Day Scholar,6.94,1
S05993,Biotech,4,Female,Day Scholar,6.72,1
S05994,BCA,2,Male,Day Scholar,7.76,1
S05995,Mechanical,1,Male,Day Scholar,8.58,0
S05996,ECE,3,Male,Hostel,6.42,1
S05997,Mechanical,1,Female,Hostel,10.0,0
S05998,BBA,2,Female,Day Scholar,6.74,0
S05999,BBA,3,Female,Hostel,7.76,0
S06000,BBA,3,Male,Hostel,7.4,0
